Date,Discharge_Capacity,group,static,index
2015-11-13 11:00:39,8.78360217893004E-10,45007,1,642
2015-11-13 11:00:49,8.78360217893004E-10,45007,1,643
2015-11-13 11:00:59,8.78360217893004E-10,45007,1,644
2015-11-13 11:01:09,8.78360217893004E-10,45007,1,645
2015-11-13 11:01:19,8.78360217893004E-10,45007,1,646
2015-11-13 11:01:29,8.78360217893004E-10,45007,1,647
2015-11-13 11:01:39,8.78360217893004E-10,45007,1,648
2015-11-13 11:01:49,8.78360217893004E-10,45007,1,649
2015-11-13 11:01:59,8.78360217893004E-10,45007,1,650
2015-11-13 11:02:09,8.78360217893004E-10,45007,1,651
2015-11-13 11:02:19,8.78360217893004E-10,45007,1,652
2015-11-13 11:02:29,8.78360217893004E-10,45007,1,653
2015-11-13 11:02:39,8.78360217893004E-10,45007,1,654
2015-11-13 11:02:49,8.78360217893004E-10,45007,1,655
2015-11-13 11:02:59,8.78360217893004E-10,45007,1,656
2015-11-13 11:03:09,8.78360217893004E-10,45007,1,657
2015-11-13 11:03:19,8.78360217893004E-10,45007,1,658
2015-11-13 11:03:29,8.78360217893004E-10,45007,1,659
2015-11-13 11:03:39,8.78360217893004E-10,45007,1,660
2015-11-13 11:03:49,8.78360217893004E-10,45007,1,661
2015-11-13 11:03:59,8.78360217893004E-10,45007,1,662
2015-11-13 11:04:09,8.78360217893004E-10,45007,1,663
2015-11-13 11:04:19,8.78360217893004E-10,45007,1,664
2015-11-13 11:04:29,8.78360217893004E-10,45007,1,665
2015-11-13 11:04:39,8.78360217893004E-10,45007,1,666
2015-11-13 11:04:49,8.78360217893004E-10,45007,1,667
2015-11-13 11:04:59,0.217313632369041,45007,1,668
2015-11-13 11:05:09,0.434633761644363,45007,1,669
2015-11-13 11:05:19,0.651974976062775,45007,1,670
2015-11-13 11:05:29,0.869308292865753,45007,1,671
2015-11-13 11:05:39,1.08661043643951,45007,1,672
2015-11-13 11:05:43,1.29254972934723,45007,1,673
2015-11-13 11:05:53,1.29264795780182,45007,1,674
2015-11-13 11:06:03,1.29264795780182,45007,1,675
2015-11-13 11:06:13,1.29264795780182,45007,1,676
2015-11-13 11:06:23,0,45007,1,677
2015-11-13 11:06:33,0,45007,1,678
2015-11-13 11:06:43,0,45007,1,679
2015-11-13 11:06:53,0,45007,1,680
2015-11-13 11:07:03,0,45007,1,681
2015-11-13 11:07:13,0,45007,1,682
2015-11-13 11:07:23,0,45007,1,683
2015-11-13 11:07:33,0,45007,1,684
2015-11-13 11:07:43,0,45007,1,685
2015-11-13 11:07:53,0,45007,1,686
2015-11-13 11:08:03,0,45007,1,687
2015-11-13 11:08:13,0,45007,1,688
2015-11-13 11:08:23,0,45007,1,689
2015-11-13 11:08:33,0,45007,1,690
2015-11-13 11:08:43,0,45007,1,691
2015-11-13 11:08:53,0,45007,1,692
2015-11-13 11:09:03,0,45007,1,693
2015-11-13 11:09:13,0,45007,1,694
2015-11-13 11:09:23,0,45007,1,695
2015-11-13 11:09:33,0,45007,1,696
2015-11-13 11:09:43,0,45007,1,697
2015-11-13 11:09:53,0,45007,1,698
2015-11-13 11:10:03,0,45007,1,699
2015-11-13 11:10:13,0,45007,1,700
2015-11-13 11:10:23,0,45007,1,701
2015-11-13 11:10:33,0,45007,1,702
2015-11-13 11:10:43,0,45007,1,703
2015-11-13 11:10:53,0.217331886291504,45007,1,704
2015-11-13 11:11:03,0.434638619422913,45007,1,705
2015-11-13 11:11:13,0.65197479724884,45007,1,706
2015-11-13 11:11:23,0.869312584400177,45007,1,707
2015-11-13 11:11:33,1.08662056922913,45007,1,708
2015-11-13 11:11:43,1.29308676719666,45007,1,709
2015-11-13 11:11:53,1.29316413402557,45007,1,710
2015-11-13 11:12:03,1.29316413402557,45007,1,711
2015-11-13 11:12:13,1.29316413402557,45007,1,712
2015-11-13 11:12:23,7.21480875043312E-10,45007,1,713
2015-11-13 11:12:33,7.21480875043312E-10,45007,1,714
2015-11-13 11:12:43,7.21480875043312E-10,45007,1,715
2015-11-13 11:12:53,7.21480875043312E-10,45007,1,716
2015-11-13 11:13:03,7.21480875043312E-10,45007,1,717
2015-11-13 11:13:13,7.21480875043312E-10,45007,1,718
2015-11-13 11:13:23,7.21480875043312E-10,45007,1,719
2015-11-13 11:13:33,7.21480875043312E-10,45007,1,720
2015-11-13 11:13:43,7.21480875043312E-10,45007,1,721
2015-11-13 11:13:53,7.21480875043312E-10,45007,1,722
2015-11-13 11:14:03,7.21480875043312E-10,45007,1,723
2015-11-13 11:14:13,7.21480875043312E-10,45007,1,724
2015-11-13 11:14:23,7.21480875043312E-10,45007,1,725
2015-11-13 11:14:33,7.21480875043312E-10,45007,1,726
2015-11-13 11:14:44,7.21480875043312E-10,45007,1,727
2015-11-13 11:14:54,7.21480875043312E-10,45007,1,728
2015-11-13 11:15:04,7.21480875043312E-10,45007,1,729
2015-11-13 11:15:14,7.21480875043312E-10,45007,1,730
2015-11-13 11:15:24,7.21480875043312E-10,45007,1,731
2015-11-13 11:15:34,7.21480875043312E-10,45007,1,732
2015-11-13 11:15:44,7.21480875043312E-10,45007,1,733
2015-11-13 11:15:54,7.21480875043312E-10,45007,1,734
2015-11-13 11:16:04,7.21480875043312E-10,45007,1,735
2015-11-13 11:16:14,7.21480875043312E-10,45007,1,736
2015-11-13 11:16:24,7.21480875043312E-10,45007,1,737
2015-11-13 11:16:34,7.21480875043312E-10,45007,1,738
2015-11-13 11:16:44,7.21480875043312E-10,45007,1,739
2015-11-13 11:16:54,0.217318221926689,45007,1,740
2015-11-13 11:17:04,0.43464994430542,45007,1,741
2015-11-13 11:17:14,0.651994466781616,45007,1,742
2015-11-13 11:17:24,0.869296133518219,45007,1,743
2015-11-13 11:17:34,1.08665406703949,45007,1,744
2015-11-13 11:17:44,1.29414749145508,45007,1,745
2015-11-13 11:17:54,1.2942807674408,45007,1,746
2015-11-13 11:18:04,1.2942807674408,45007,1,747
2015-11-13 11:18:14,1.2942807674408,45007,1,748
2015-11-13 11:18:24,3.49367890173369E-09,45007,1,749
2015-11-13 11:18:34,3.49367890173369E-09,45007,1,750
2015-11-13 11:18:44,3.49367890173369E-09,45007,1,751
2015-11-13 11:18:54,3.49367890173369E-09,45007,1,752
2015-11-13 11:19:04,3.49367890173369E-09,45007,1,753
2015-11-13 11:19:14,3.49367890173369E-09,45007,1,754
2015-11-13 11:19:24,3.49367890173369E-09,45007,1,755
2015-11-13 11:19:34,3.49367890173369E-09,45007,1,756
2015-11-13 11:19:44,3.49367890173369E-09,45007,1,757
2015-11-13 11:19:54,3.49367890173369E-09,45007,1,758
2015-11-13 11:20:04,3.49367890173369E-09,45007,1,759
2015-11-13 11:20:14,3.49367890173369E-09,45007,1,760
2015-11-13 11:20:24,3.49367890173369E-09,45007,1,761
2015-11-13 11:20:34,3.49367890173369E-09,45007,1,762
2015-11-13 11:20:44,3.49367890173369E-09,45007,1,763
2015-11-13 11:20:54,3.49367890173369E-09,45007,1,764
2015-11-13 11:21:04,3.49367890173369E-09,45007,1,765
2015-11-13 11:21:14,3.49367890173369E-09,45007,1,766
2015-11-13 11:21:24,3.49367890173369E-09,45007,1,767
2015-11-13 11:21:34,3.49367890173369E-09,45007,1,768
2015-11-13 11:21:44,3.49367890173369E-09,45007,1,769
2015-11-13 11:21:54,3.49367890173369E-09,45007,1,770
2015-11-13 11:22:04,3.49367890173369E-09,45007,1,771
2015-11-13 11:22:14,3.49367890173369E-09,45007,1,772
2015-11-13 11:22:24,3.49367890173369E-09,45007,1,773
2015-11-13 11:22:34,3.49367890173369E-09,45007,1,774
2015-11-13 11:22:44,3.49367890173369E-09,45007,1,775
2015-11-13 11:22:54,0.217313706874847,45007,1,776
2015-11-13 11:23:04,0.434626460075378,45007,1,777
2015-11-13 11:23:14,0.651978552341461,45007,1,778
2015-11-13 11:23:24,0.869283497333527,45007,1,779
2015-11-13 11:23:34,1.0866425037384,45007,1,780
2015-11-13 11:23:44,1.29124045372009,45007,1,781
2015-11-13 11:23:54,1.29135060310364,45007,1,782
2015-11-13 11:24:04,1.29135060310364,45007,1,783
2015-11-13 11:24:14,1.29135060310364,45007,1,784
2015-11-13 11:24:24,1.18493992395941E-09,45007,1,785
2015-11-13 11:24:34,1.18493992395941E-09,45007,1,786
2015-11-13 11:24:44,1.18493992395941E-09,45007,1,787
2015-11-13 11:24:54,1.18493992395941E-09,45007,1,788
2015-11-13 11:25:04,1.18493992395941E-09,45007,1,789
2015-11-13 11:25:14,1.18493992395941E-09,45007,1,790
2015-11-13 11:25:24,1.18493992395941E-09,45007,1,791
2015-11-13 11:25:34,1.18493992395941E-09,45007,1,792
2015-11-13 11:25:44,1.18493992395941E-09,45007,1,793
2015-11-13 11:25:54,1.18493992395941E-09,45007,1,794
2015-11-13 11:26:04,1.18493992395941E-09,45007,1,795
2015-11-13 11:26:14,1.18493992395941E-09,45007,1,796
2015-11-13 11:26:24,1.18493992395941E-09,45007,1,797
2015-11-13 11:26:34,1.18493992395941E-09,45007,1,798
2015-11-13 11:26:44,1.18493992395941E-09,45007,1,799
2015-11-13 11:26:54,1.18493992395941E-09,45007,1,800
2015-11-13 11:27:04,1.18493992395941E-09,45007,1,801
2015-11-13 11:27:14,1.18493992395941E-09,45007,1,802
2015-11-13 11:27:24,1.18493992395941E-09,45007,1,803
2015-11-13 11:27:34,1.18493992395941E-09,45007,1,804
2015-11-13 11:27:44,1.18493992395941E-09,45007,1,805
2015-11-13 11:27:54,1.18493992395941E-09,45007,1,806
2015-11-13 11:28:04,1.18493992395941E-09,45007,1,807
2015-11-13 11:28:14,1.18493992395941E-09,45007,1,808
2015-11-13 11:28:24,1.18493992395941E-09,45007,1,809
2015-11-13 11:28:35,1.18493992395941E-09,45007,1,810
2015-11-13 11:28:45,1.18493992395941E-09,45007,1,811
2015-11-13 11:28:55,0.217311725020409,45007,1,812
2015-11-13 11:29:05,0.434645622968674,45007,1,813
2015-11-13 11:29:15,0.651990592479706,45007,1,814
2015-11-13 11:29:25,0.869314551353455,45007,1,815
2015-11-13 11:29:35,1.08666753768921,45007,1,816
2015-11-13 11:29:45,1.28680372238159,45007,1,817
2015-11-13 11:29:55,1.286900639534,45007,1,818
2015-11-13 11:30:05,1.286900639534,45007,1,819
2015-11-13 11:30:15,1.286900639534,45007,1,820
2015-11-13 11:30:25,3.09944049592392E-11,45007,1,821
2015-11-13 11:30:35,3.09944049592392E-11,45007,1,822
2015-11-13 11:30:45,3.09944049592392E-11,45007,1,823
2015-11-13 11:30:55,3.09944049592392E-11,45007,1,824
2015-11-13 11:31:05,3.09944049592392E-11,45007,1,825
2015-11-13 11:31:15,3.09944049592392E-11,45007,1,826
2015-11-13 11:31:25,3.09944049592392E-11,45007,1,827
2015-11-13 11:31:35,3.09944049592392E-11,45007,1,828
2015-11-13 11:31:45,3.09944049592392E-11,45007,1,829
2015-11-13 11:31:55,3.09944049592392E-11,45007,1,830
2015-11-13 11:32:05,3.09944049592392E-11,45007,1,831
2015-11-13 11:32:15,3.09944049592392E-11,45007,1,832
2015-11-13 11:32:25,3.09944049592392E-11,45007,1,833
2015-11-13 11:32:35,3.09944049592392E-11,45007,1,834
2015-11-13 11:32:45,3.09944049592392E-11,45007,1,835
2015-11-13 11:32:55,3.09944049592392E-11,45007,1,836
2015-11-13 11:33:05,3.09944049592392E-11,45007,1,837
2015-11-13 11:33:15,3.09944049592392E-11,45007,1,838
2015-11-13 11:33:25,3.09944049592392E-11,45007,1,839
2015-11-13 11:33:35,3.09944049592392E-11,45007,1,840
2015-11-13 11:33:45,3.09944049592392E-11,45007,1,841
2015-11-13 11:33:55,3.09944049592392E-11,45007,1,842
2015-11-13 11:34:05,3.09944049592392E-11,45007,1,843
2015-11-13 11:34:15,3.09944049592392E-11,45007,1,844
2015-11-13 11:34:25,3.09944049592392E-11,45007,1,845
2015-11-13 11:34:35,3.09944049592392E-11,45007,1,846
2015-11-13 11:34:45,3.09944049592392E-11,45007,1,847
2015-11-13 11:34:55,0.217319145798683,45007,1,848
2015-11-13 11:35:05,0.434648603200913,45007,1,849
2015-11-13 11:35:15,0.651972591876984,45007,1,850
2015-11-13 11:35:25,0.869323194026947,45007,1,851
2015-11-13 11:35:35,1.08666002750397,45007,1,852
2015-11-13 11:35:45,1.29000687599182,45007,1,853
2015-11-13 11:35:55,1.2901645898819,45007,1,854
2015-11-13 11:36:05,1.2901645898819,45007,1,855
2015-11-13 11:36:15,1.2901645898819,45007,1,856
2015-11-13 11:36:25,0,45007,1,857
2015-11-13 11:36:35,4.81843787092373E-10,45007,1,858
2015-11-13 11:36:45,4.81843787092373E-10,45007,1,859
2015-11-13 11:36:55,4.81843787092373E-10,45007,1,860
2015-11-13 11:37:05,4.81843787092373E-10,45007,1,861
2015-11-13 11:37:15,4.81843787092373E-10,45007,1,862
2015-11-13 11:37:25,4.81843787092373E-10,45007,1,863
2015-11-13 11:37:35,4.81843787092373E-10,45007,1,864
2015-11-13 11:37:45,4.81843787092373E-10,45007,1,865
2015-11-13 11:37:55,4.81843787092373E-10,45007,1,866
2015-11-13 11:38:05,4.81843787092373E-10,45007,1,867
2015-11-13 11:38:15,4.81843787092373E-10,45007,1,868
2015-11-13 11:38:25,4.81843787092373E-10,45007,1,869
2015-11-13 11:38:35,4.81843787092373E-10,45007,1,870
2015-11-13 11:38:45,4.81843787092373E-10,45007,1,871
2015-11-13 11:38:55,4.81843787092373E-10,45007,1,872
2015-11-13 11:39:05,4.81843787092373E-10,45007,1,873
2015-11-13 11:39:15,4.81843787092373E-10,45007,1,874
2015-11-13 11:39:25,4.81843787092373E-10,45007,1,875
2015-11-13 11:39:35,4.81843787092373E-10,45007,1,876
2015-11-13 11:39:45,4.81843787092373E-10,45007,1,877
2015-11-13 11:39:55,4.81843787092373E-10,45007,1,878
2015-11-13 11:40:05,4.81843787092373E-10,45007,1,879
2015-11-13 11:40:15,4.81843787092373E-10,45007,1,880
2015-11-13 11:40:25,4.81843787092373E-10,45007,1,881
2015-11-13 11:40:35,4.81843787092373E-10,45007,1,882
2015-11-13 11:40:45,4.81843787092373E-10,45007,1,883
2015-11-13 11:40:55,0.217331379652023,45007,1,884
2015-11-13 11:41:05,0.43464782834053,45007,1,885
2015-11-13 11:41:15,0.651997864246368,45007,1,886
2015-11-13 11:41:25,0.869296967983246,45007,1,887
2015-11-13 11:41:35,1.08664989471436,45007,1,888
2015-11-13 11:41:45,1.29589867591858,45007,1,889
2015-11-13 11:41:56,1.29601037502289,45007,1,890
2015-11-13 11:42:06,1.29601037502289,45007,1,891
2015-11-13 11:42:16,1.29601037502289,45007,1,892
2015-11-13 11:42:26,0,45007,1,893
2015-11-13 11:42:36,0,45007,1,894
2015-11-13 11:42:46,0,45007,1,895
2015-11-13 11:42:56,0,45007,1,896
2015-11-13 11:43:06,0,45007,1,897
2015-11-13 11:43:16,0,45007,1,898
2015-11-13 11:43:26,0,45007,1,899
2015-11-13 11:43:36,0,45007,1,900
2015-11-13 11:43:46,0,45007,1,901
2015-11-13 11:43:56,0,45007,1,902
2015-11-13 11:44:06,0,45007,1,903
2015-11-13 11:44:16,0,45007,1,904
2015-11-13 11:44:26,0,45007,1,905
2015-11-13 11:44:36,0,45007,1,906
2015-11-13 11:44:46,0,45007,1,907
2015-11-13 11:44:56,0,45007,1,908
2015-11-13 11:45:06,0,45007,1,909
2015-11-13 11:45:16,0,45007,1,910
2015-11-13 11:45:26,0,45007,1,911
2015-11-13 11:45:36,0,45007,1,912
2015-11-13 11:45:46,0,45007,1,913
2015-11-13 11:45:56,0,45007,1,914
2015-11-13 11:46:06,0,45007,1,915
2015-11-13 11:46:16,0,45007,1,916
2015-11-13 11:46:26,0,45007,1,917
2015-11-13 11:46:36,0,45007,1,918
2015-11-13 11:46:46,0,45007,1,919
2015-11-13 11:46:56,0.217325583100319,45007,1,920
2015-11-13 11:47:06,0.434646338224411,45007,1,921
2015-11-13 11:47:16,0.651993870735168,45007,1,922
2015-11-13 11:47:26,0.869336426258087,45007,1,923
2015-11-13 11:47:36,1.08664429187775,45007,1,924
2015-11-13 11:47:46,1.30399811267853,45007,1,925
2015-11-13 11:47:56,1.30452394485474,45007,1,926
2015-11-13 11:48:06,1.30463051795959,45007,1,927
2015-11-13 11:48:16,1.30463051795959,45007,1,928
2015-11-13 11:48:26,1.30463051795959,45007,1,929
2015-11-13 11:48:36,0,45007,1,930
2015-11-13 11:48:46,0,45007,1,931
2015-11-13 11:48:56,0,45007,1,932
2015-11-13 11:49:06,0,45007,1,933
2015-11-13 11:49:16,0,45007,1,934
2015-11-13 11:49:26,0,45007,1,935
2015-11-13 11:49:36,0,45007,1,936
2015-11-13 11:49:46,0,45007,1,937
2015-11-13 11:49:56,0,45007,1,938
2015-11-13 11:50:06,0,45007,1,939
2015-11-13 11:50:16,0,45007,1,940
2015-11-13 11:50:26,0,45007,1,941
2015-11-13 11:50:36,0,45007,1,942
2015-11-13 11:50:46,0,45007,1,943
2015-11-13 11:50:56,0,45007,1,944
2015-11-13 11:51:06,0,45007,1,945
2015-11-13 11:51:16,0,45007,1,946
2015-11-13 11:51:26,0,45007,1,947
2015-11-13 11:51:36,0,45007,1,948
2015-11-13 11:51:46,0,45007,1,949
2015-11-13 11:51:56,0,45007,1,950
2015-11-13 11:52:06,0,45007,1,951
2015-11-13 11:52:16,0,45007,1,952
2015-11-13 11:52:26,0,45007,1,953
2015-11-13 11:52:36,0,45007,1,954
2015-11-13 11:52:46,0,45007,1,955
2015-11-13 11:52:56,0,45007,1,956
2015-11-13 11:53:06,0.217331185936928,45007,1,957
2015-11-13 11:53:16,0.434656471014023,45007,1,958
2015-11-13 11:53:26,0.651999831199646,45007,1,959
2015-11-13 11:53:36,0.869338035583496,45007,1,960
2015-11-13 11:53:46,1.08667123317719,45007,1,961
2015-11-13 11:53:56,1.30321061611176,45007,1,962
2015-11-13 11:54:06,1.30331563949585,45007,1,963
2015-11-13 11:54:16,1.30331563949585,45007,1,964
2015-11-13 11:54:26,1.30331563949585,45007,1,965
2015-11-13 11:54:36,1.79650994081015E-09,45007,1,966
2015-11-13 11:54:46,3.51428885991822E-09,45007,1,967
2015-11-13 11:54:56,3.51428885991822E-09,45007,1,968
2015-11-13 11:55:06,3.51428885991822E-09,45007,1,969
2015-11-13 11:55:16,3.51428885991822E-09,45007,1,970
2015-11-13 11:55:26,3.51428885991822E-09,45007,1,971
2015-11-13 11:55:36,3.51428885991822E-09,45007,1,972
2015-11-13 11:55:46,3.51428885991822E-09,45007,1,973
2015-11-13 11:55:56,3.51428885991822E-09,45007,1,974
2015-11-13 11:56:06,3.51428885991822E-09,45007,1,975
2015-11-13 11:56:17,3.51428885991822E-09,45007,1,976
2015-11-13 11:56:27,3.51428885991822E-09,45007,1,977
2015-11-13 11:56:37,3.51428885991822E-09,45007,1,978
2015-11-13 11:56:47,3.51428885991822E-09,45007,1,979
2015-11-13 11:56:57,3.51428885991822E-09,45007,1,980
2015-11-13 11:57:07,3.51428885991822E-09,45007,1,981
2015-11-13 11:57:17,3.51428885991822E-09,45007,1,982
2015-11-13 11:57:27,3.51428885991822E-09,45007,1,983
2015-11-13 11:57:37,3.51428885991822E-09,45007,1,984
2015-11-13 11:57:47,3.51428885991822E-09,45007,1,985
2015-11-13 11:57:57,3.51428885991822E-09,45007,1,986
2015-11-13 11:58:07,3.51428885991822E-09,45007,1,987
2015-11-13 11:58:17,3.51428885991822E-09,45007,1,988
2015-11-13 11:58:27,3.51428885991822E-09,45007,1,989
2015-11-13 11:58:37,3.51428885991822E-09,45007,1,990
2015-11-13 11:58:47,3.51428885991822E-09,45007,1,991
2015-11-13 11:58:57,3.51428885991822E-09,45007,1,992
2015-11-13 11:59:07,0.217316031455994,45007,1,993
2015-11-13 11:59:17,0.434648126363754,45007,1,994
2015-11-13 11:59:27,0.651992917060852,45007,1,995
2015-11-13 11:59:37,0.869341194629669,45007,1,996
2015-11-13 11:59:47,1.08667802810669,45007,1,997
2015-11-13 11:59:57,1.30399978160858,45007,1,998
2015-11-13 12:00:07,1.31579995155334,45007,1,999
2015-11-13 12:00:17,1.31592571735382,45007,1,1000
2015-11-13 12:00:27,1.31592571735382,45007,1,1001
2015-11-13 12:00:37,1.31592571735382,45007,1,1002
2015-11-13 12:00:47,1.30083788185686E-09,45007,1,1003
2015-11-13 12:00:57,1.30083788185686E-09,45007,1,1004
2015-11-13 12:01:07,1.30083788185686E-09,45007,1,1005
2015-11-13 12:01:17,1.30083788185686E-09,45007,1,1006
2015-11-13 12:01:27,1.30083788185686E-09,45007,1,1007
2015-11-13 12:01:37,1.30083788185686E-09,45007,1,1008
2015-11-13 12:01:47,1.30083788185686E-09,45007,1,1009
2015-11-13 12:01:57,1.30083788185686E-09,45007,1,1010
2015-11-13 12:02:07,1.30083788185686E-09,45007,1,1011
2015-11-13 12:02:17,1.30083788185686E-09,45007,1,1012
2015-11-13 12:02:27,1.30083788185686E-09,45007,1,1013
2015-11-13 12:02:37,1.30083788185686E-09,45007,1,1014
2015-11-13 12:02:47,1.30083788185686E-09,45007,1,1015
2015-11-13 12:02:57,1.30083788185686E-09,45007,1,1016
2015-11-13 12:03:07,1.30083788185686E-09,45007,1,1017
2015-11-13 12:03:13,1.30083788185686E-09,45007,1,1018
2015-11-13 12:03:24,1.30083788185686E-09,45007,1,1019
2015-11-13 12:03:34,1.30083788185686E-09,45007,1,1020
2015-11-13 12:03:44,1.30083788185686E-09,45007,1,1021
2015-11-13 12:03:54,1.30083788185686E-09,45007,1,1022
2015-11-13 12:04:04,1.30083788185686E-09,45007,1,1023
2015-11-13 12:04:14,1.30083788185686E-09,45007,1,1024
2015-11-13 12:04:24,1.30083788185686E-09,45007,1,1025
2015-11-13 12:04:34,1.30083788185686E-09,45007,1,1026
2015-11-13 12:04:44,1.30083788185686E-09,45007,1,1027
2015-11-13 12:04:54,1.30083788185686E-09,45007,1,1028
2015-11-13 12:05:04,1.30083788185686E-09,45007,1,1029
2015-11-13 12:05:14,0.217326134443283,45007,1,1030
2015-11-13 12:05:24,0.434664666652679,45007,1,1031
2015-11-13 12:05:34,0.651986300945282,45007,1,1032
2015-11-13 12:05:44,0.869329869747162,45007,1,1033
2015-11-13 12:05:54,1.08665215969086,45007,1,1034
2015-11-13 12:06:04,1.30398595333099,45007,1,1035
2015-11-13 12:06:14,1.30424618721008,45007,1,1036
2015-11-13 12:06:24,1.30436313152313,45007,1,1037
2015-11-13 12:06:34,1.30436313152313,45007,1,1038
2015-11-13 12:06:44,1.30436313152313,45007,1,1039
2015-11-13 12:06:54,5.4348825440087E-10,45007,1,1040
2015-11-13 12:07:04,5.4348825440087E-10,45007,1,1041
2015-11-13 12:07:14,5.4348825440087E-10,45007,1,1042
2015-11-13 12:07:24,5.4348825440087E-10,45007,1,1043
2015-11-13 12:07:34,5.4348825440087E-10,45007,1,1044
2015-11-13 12:07:44,5.4348825440087E-10,45007,1,1045
2015-11-13 12:07:54,5.4348825440087E-10,45007,1,1046
2015-11-13 12:08:04,5.4348825440087E-10,45007,1,1047
2015-11-13 12:08:14,5.4348825440087E-10,45007,1,1048
2015-11-13 12:08:24,5.4348825440087E-10,45007,1,1049
2015-11-13 12:08:34,5.4348825440087E-10,45007,1,1050
2015-11-13 12:08:44,5.4348825440087E-10,45007,1,1051
2015-11-13 12:08:54,5.4348825440087E-10,45007,1,1052
2015-11-13 12:09:04,5.4348825440087E-10,45007,1,1053
2015-11-13 12:09:14,5.4348825440087E-10,45007,1,1054
2015-11-13 12:09:24,5.4348825440087E-10,45007,1,1055
2015-11-13 12:09:34,5.4348825440087E-10,45007,1,1056
2015-11-13 12:09:44,5.4348825440087E-10,45007,1,1057
2015-11-13 12:09:54,5.4348825440087E-10,45007,1,1058
2015-11-13 12:10:04,5.4348825440087E-10,45007,1,1059
2015-11-13 12:10:14,5.4348825440087E-10,45007,1,1060
2015-11-13 12:10:24,5.4348825440087E-10,45007,1,1061
2015-11-13 12:10:34,5.4348825440087E-10,45007,1,1062
2015-11-13 12:10:44,5.4348825440087E-10,45007,1,1063
2015-11-13 12:10:54,5.4348825440087E-10,45007,1,1064
2015-11-13 12:11:04,5.4348825440087E-10,45007,1,1065
2015-11-13 12:11:14,5.4348825440087E-10,45007,1,1066
2015-11-13 12:11:24,0.217322573065758,45007,1,1067
2015-11-13 12:11:34,0.434644550085068,45007,1,1068
2015-11-13 12:11:44,0.651987671852112,45007,1,1069
2015-11-13 12:11:54,0.869310319423676,45007,1,1070
2015-11-13 12:12:04,1.08662045001984,45007,1,1071
2015-11-13 12:12:14,1.30397093296051,45007,1,1072
2015-11-13 12:12:24,1.31481719017029,45007,1,1073
2015-11-13 12:12:34,1.31495749950409,45007,1,1074
2015-11-13 12:12:44,1.31495749950409,45007,1,1075
2015-11-13 12:12:54,1.31495749950409,45007,1,1076
2015-11-13 12:13:04,4.94495910885462E-09,45007,1,1077
2015-11-13 12:13:14,4.94495910885462E-09,45007,1,1078
2015-11-13 12:13:24,4.94495910885462E-09,45007,1,1079
2015-11-13 12:13:34,4.94495910885462E-09,45007,1,1080
2015-11-13 12:13:44,4.94495910885462E-09,45007,1,1081
2015-11-13 12:13:54,4.94495910885462E-09,45007,1,1082
2015-11-13 12:14:04,4.94495910885462E-09,45007,1,1083
2015-11-13 12:14:14,4.94495910885462E-09,45007,1,1084
2015-11-13 12:14:24,4.94495910885462E-09,45007,1,1085
2015-11-13 12:14:34,4.94495910885462E-09,45007,1,1086
2015-11-13 12:14:44,4.94495910885462E-09,45007,1,1087
2015-11-13 12:14:54,4.94495910885462E-09,45007,1,1088
2015-11-13 12:15:04,4.94495910885462E-09,45007,1,1089
2015-11-13 12:15:14,4.94495910885462E-09,45007,1,1090
2015-11-13 12:15:24,4.94495910885462E-09,45007,1,1091
2015-11-13 12:15:34,4.94495910885462E-09,45007,1,1092
2015-11-13 12:15:44,4.94495910885462E-09,45007,1,1093
2015-11-13 12:15:54,4.94495910885462E-09,45007,1,1094
2015-11-13 12:16:04,4.94495910885462E-09,45007,1,1095
2015-11-13 12:16:14,4.94495910885462E-09,45007,1,1096
2015-11-13 12:16:24,4.94495910885462E-09,45007,1,1097
2015-11-13 12:16:34,4.94495910885462E-09,45007,1,1098
2015-11-13 12:16:44,4.94495910885462E-09,45007,1,1099
2015-11-13 12:16:54,4.94495910885462E-09,45007,1,1100
2015-11-13 12:17:04,4.94495910885462E-09,45007,1,1101
2015-11-13 12:17:14,4.94495910885462E-09,45007,1,1102
2015-11-13 12:17:24,4.94495910885462E-09,45007,1,1103
2015-11-13 12:17:34,0.217334628105164,45007,1,1104
2015-11-13 12:17:44,0.434652805328369,45007,1,1105
2015-11-13 12:17:54,0.651983976364136,45007,1,1106
2015-11-13 12:18:04,0.869308948516846,45007,1,1107
2015-11-13 12:18:14,1.08664977550507,45007,1,1108
2015-11-13 12:18:24,1.30398261547089,45007,1,1109
2015-11-13 12:18:34,1.30812084674835,45007,1,1110
2015-11-13 12:18:44,1.308274269104,45007,1,1111
2015-11-13 12:18:54,1.308274269104,45007,1,1112
2015-11-13 12:19:04,1.308274269104,45007,1,1113
2015-11-13 12:19:14,3.21626569821376E-09,45007,1,1114
2015-11-13 12:19:24,3.21626569821376E-09,45007,1,1115
2015-11-13 12:19:34,3.21626569821376E-09,45007,1,1116
2015-11-13 12:19:44,3.21626569821376E-09,45007,1,1117
2015-11-13 12:19:54,3.21626569821376E-09,45007,1,1118
2015-11-13 12:20:04,3.21626569821376E-09,45007,1,1119
2015-11-13 12:20:14,3.21626569821376E-09,45007,1,1120
2015-11-13 12:20:24,3.21626569821376E-09,45007,1,1121
2015-11-13 12:20:34,3.21626569821376E-09,45007,1,1122
2015-11-13 12:20:44,3.21626569821376E-09,45007,1,1123
2015-11-13 12:20:54,3.21626569821376E-09,45007,1,1124
2015-11-13 12:21:04,3.21626569821376E-09,45007,1,1125
2015-11-13 12:21:14,3.21626569821376E-09,45007,1,1126
2015-11-13 12:21:24,3.21626569821376E-09,45007,1,1127
2015-11-13 12:21:34,3.21626569821376E-09,45007,1,1128
2015-11-13 12:21:44,3.21626569821376E-09,45007,1,1129
2015-11-13 12:21:54,3.21626569821376E-09,45007,1,1130
2015-11-13 12:22:04,3.21626569821376E-09,45007,1,1131
2015-11-13 12:22:14,3.21626569821376E-09,45007,1,1132
2015-11-13 12:22:24,3.21626569821376E-09,45007,1,1133
2015-11-13 12:22:34,3.21626569821376E-09,45007,1,1134
2015-11-13 12:22:44,3.21626569821376E-09,45007,1,1135
2015-11-13 12:22:54,3.21626569821376E-09,45007,1,1136
2015-11-13 12:23:04,3.21626569821376E-09,45007,1,1137
2015-11-13 12:23:14,3.21626569821376E-09,45007,1,1138
2015-11-13 12:23:24,3.21626569821376E-09,45007,1,1139
2015-11-13 12:23:34,3.21626569821376E-09,45007,1,1140
2015-11-13 12:23:44,0.217329606413841,45007,1,1141
2015-11-13 12:23:54,0.434639394283295,45007,1,1142
2015-11-13 12:24:04,0.651991426944733,45007,1,1143
2015-11-13 12:24:14,0.869311153888702,45007,1,1144
2015-11-13 12:24:25,1.08663702011108,45007,1,1145
2015-11-13 12:24:35,1.30396866798401,45007,1,1146
2015-11-13 12:24:45,1.30971682071686,45007,1,1147
2015-11-13 12:24:55,1.30981779098511,45007,1,1148
2015-11-13 12:25:05,1.30981779098511,45007,1,1149
2015-11-13 12:25:15,1.30981779098511,45007,1,1150
2015-11-13 12:25:25,0,45007,1,1151
2015-11-13 12:25:35,0,45007,1,1152
2015-11-13 12:25:45,0,45007,1,1153
2015-11-13 12:25:55,0,45007,1,1154
2015-11-13 12:26:05,0,45007,1,1155
2015-11-13 12:26:15,0,45007,1,1156
2015-11-13 12:26:25,0,45007,1,1157
2015-11-13 12:26:35,0,45007,1,1158
2015-11-13 12:26:45,0,45007,1,1159
2015-11-13 12:26:55,0,45007,1,1160
2015-11-13 12:27:05,0,45007,1,1161
2015-11-13 12:27:15,0,45007,1,1162
2015-11-13 12:27:25,0,45007,1,1163
2015-11-13 12:27:35,0,45007,1,1164
2015-11-13 12:27:45,0,45007,1,1165
2015-11-13 12:27:55,0,45007,1,1166
2015-11-13 12:28:05,0,45007,1,1167
2015-11-13 12:28:15,0,45007,1,1168
2015-11-13 12:28:25,0,45007,1,1169
2015-11-13 12:28:35,0,45007,1,1170
2015-11-13 12:28:45,0,45007,1,1171
2015-11-13 12:28:55,0,45007,1,1172
2015-11-13 12:29:05,0,45007,1,1173
2015-11-13 12:29:15,0,45007,1,1174
2015-11-13 12:29:25,0,45007,1,1175
2015-11-13 12:29:35,0,45007,1,1176
2015-11-13 12:29:45,0,45007,1,1177
2015-11-13 12:29:55,0.217320248484611,45007,1,1178
2015-11-13 12:30:05,0.434643477201462,45007,1,1179
2015-11-13 12:30:15,0.651993334293366,45007,1,1180
2015-11-13 12:30:25,0.869299471378326,45007,1,1181
2015-11-13 12:30:35,1.08665204048157,45007,1,1182
2015-11-13 12:30:45,1.30395925045013,45007,1,1183
2015-11-13 12:30:55,1.30752766132355,45007,1,1184
2015-11-13 12:31:05,1.30766975879669,45007,1,1185
2015-11-13 12:31:15,1.30766975879669,45007,1,1186
2015-11-13 12:31:25,1.30766975879669,45007,1,1187
2015-11-13 12:31:35,2.17829732029884E-09,45007,1,1188
2015-11-13 12:31:45,2.17829732029884E-09,45007,1,1189
2015-11-13 12:31:55,2.17829732029884E-09,45007,1,1190
2015-11-13 12:32:05,2.17829732029884E-09,45007,1,1191
2015-11-13 12:32:15,2.17829732029884E-09,45007,1,1192
2015-11-13 12:32:25,2.17829732029884E-09,45007,1,1193
2015-11-13 12:32:35,2.17829732029884E-09,45007,1,1194
2015-11-13 12:32:45,2.17829732029884E-09,45007,1,1195
2015-11-13 12:32:55,2.17829732029884E-09,45007,1,1196
2015-11-13 12:33:05,2.17829732029884E-09,45007,1,1197
2015-11-13 12:33:15,2.17829732029884E-09,45007,1,1198
2015-11-13 12:33:25,2.17829732029884E-09,45007,1,1199
2015-11-13 12:33:35,2.17829732029884E-09,45007,1,1200
2015-11-13 12:33:45,2.17829732029884E-09,45007,1,1201
2015-11-13 12:33:55,2.17829732029884E-09,45007,1,1202
2015-11-13 12:34:05,2.17829732029884E-09,45007,1,1203
2015-11-13 12:34:15,2.17829732029884E-09,45007,1,1204
2015-11-13 12:34:25,2.17829732029884E-09,45007,1,1205
2015-11-13 12:34:35,2.17829732029884E-09,45007,1,1206
2015-11-13 12:34:45,2.17829732029884E-09,45007,1,1207
2015-11-13 12:34:55,2.17829732029884E-09,45007,1,1208
2015-11-13 12:35:05,2.17829732029884E-09,45007,1,1209
2015-11-13 12:35:15,2.17829732029884E-09,45007,1,1210
2015-11-13 12:35:25,2.17829732029884E-09,45007,1,1211
2015-11-13 12:35:35,2.17829732029884E-09,45007,1,1212
2015-11-13 12:35:45,2.17829732029884E-09,45007,1,1213
2015-11-13 12:35:55,2.17829732029884E-09,45007,1,1214
2015-11-13 12:36:05,0.21731248497963,45007,1,1215
2015-11-13 12:36:15,0.434644937515259,45007,1,1216
2015-11-13 12:36:25,0.651993930339813,45007,1,1217
2015-11-13 12:36:35,0.869322419166565,45007,1,1218
2015-11-13 12:36:45,1.0866322517395,45007,1,1219
2015-11-13 12:36:55,1.29854702949524,45007,1,1220
2015-11-13 12:37:05,1.29862380027771,45007,1,1221
2015-11-13 12:37:15,1.29862380027771,45007,1,1222
2015-11-13 12:37:25,1.29862380027771,45007,1,1223
2015-11-13 12:37:35,4.33328306570502E-09,45007,1,1224
2015-11-13 12:37:45,4.33328306570502E-09,45007,1,1225
2015-11-13 12:37:56,4.33328306570502E-09,45007,1,1226
2015-11-13 12:38:06,4.33328306570502E-09,45007,1,1227
2015-11-13 12:38:16,4.33328306570502E-09,45007,1,1228
2015-11-13 12:38:26,4.33328306570502E-09,45007,1,1229
2015-11-13 12:38:36,4.33328306570502E-09,45007,1,1230
2015-11-13 12:38:46,4.33328306570502E-09,45007,1,1231
2015-11-13 12:38:56,4.33328306570502E-09,45007,1,1232
2015-11-13 12:39:06,4.33328306570502E-09,45007,1,1233
2015-11-13 12:39:16,4.33328306570502E-09,45007,1,1234
2015-11-13 12:39:26,4.33328306570502E-09,45007,1,1235
2015-11-13 12:39:36,4.33328306570502E-09,45007,1,1236
2015-11-13 12:39:46,4.33328306570502E-09,45007,1,1237
2015-11-13 12:39:56,4.33328306570502E-09,45007,1,1238
2015-11-13 12:40:06,4.33328306570502E-09,45007,1,1239
2015-11-13 12:40:16,4.33328306570502E-09,45007,1,1240
2015-11-13 12:40:26,4.33328306570502E-09,45007,1,1241
2015-11-13 12:40:36,4.33328306570502E-09,45007,1,1242
2015-11-13 12:40:46,4.33328306570502E-09,45007,1,1243
2015-11-13 12:40:56,4.33328306570502E-09,45007,1,1244
2015-11-13 12:41:06,4.33328306570502E-09,45007,1,1245
2015-11-13 12:41:16,4.33328306570502E-09,45007,1,1246
2015-11-13 12:41:26,4.33328306570502E-09,45007,1,1247
2015-11-13 12:41:36,4.33328306570502E-09,45007,1,1248
2015-11-13 12:41:46,4.33328306570502E-09,45007,1,1249
2015-11-13 12:41:56,4.33328306570502E-09,45007,1,1250
2015-11-13 12:42:06,0.217315226793289,45007,1,1251
2015-11-13 12:42:16,0.434642940759659,45007,1,1252
2015-11-13 12:42:26,0.651983261108398,45007,1,1253
2015-11-13 12:42:36,0.869319021701813,45007,1,1254
2015-11-13 12:42:46,1.08665192127228,45007,1,1255
2015-11-13 12:42:56,1.30398499965668,45007,1,1256
2015-11-13 12:43:06,1.30577743053436,45007,1,1257
2015-11-13 12:43:16,1.305903673172,45007,1,1258
2015-11-13 12:43:26,1.305903673172,45007,1,1259
2015-11-13 12:43:36,1.305903673172,45007,1,1260
2015-11-13 12:43:46,0,45007,1,1261
2015-11-13 12:43:56,0,45007,1,1262
2015-11-13 12:44:06,0,45007,1,1263
2015-11-13 12:44:16,0,45007,1,1264
2015-11-13 12:44:26,0,45007,1,1265
2015-11-13 12:44:36,0,45007,1,1266
2015-11-13 12:44:46,0,45007,1,1267
2015-11-13 12:44:56,0,45007,1,1268
2015-11-13 12:45:06,0,45007,1,1269
2015-11-13 12:45:16,0,45007,1,1270
2015-11-13 12:45:26,0,45007,1,1271
2015-11-13 12:45:36,0,45007,1,1272
2015-11-13 12:45:46,0,45007,1,1273
2015-11-13 12:45:56,0,45007,1,1274
2015-11-13 12:46:06,0,45007,1,1275
2015-11-13 12:46:16,0,45007,1,1276
2015-11-13 12:46:26,0,45007,1,1277
2015-11-13 12:46:36,0,45007,1,1278
2015-11-13 12:46:46,0,45007,1,1279
2015-11-13 12:46:56,0,45007,1,1280
2015-11-13 12:47:06,0,45007,1,1281
2015-11-13 12:47:16,0,45007,1,1282
2015-11-13 12:47:26,0,45007,1,1283
2015-11-13 12:47:36,0,45007,1,1284
2015-11-13 12:47:46,0,45007,1,1285
2015-11-13 12:47:56,0,45007,1,1286
2015-11-13 12:48:06,0,45007,1,1287
2015-11-13 12:48:16,0.217308387160301,45007,1,1288
2015-11-13 12:48:26,0.434649974107742,45007,1,1289
2015-11-13 12:48:36,0.651981949806213,45007,1,1290
2015-11-13 12:48:46,0.869317293167114,45007,1,1291
2015-11-13 12:48:56,1.08663535118103,45007,1,1292
2015-11-13 12:49:06,1.27587068080902,45007,1,1293
2015-11-13 12:49:16,1.27599263191223,45007,1,1294
2015-11-13 12:49:26,1.27599263191223,45007,1,1295
2015-11-13 12:49:36,1.27599263191223,45007,1,1296
2015-11-13 12:49:46,0,45007,1,1297
2015-11-13 12:49:56,0,45007,1,1298
2015-11-13 12:50:06,0,45007,1,1299
2015-11-13 12:50:16,0,45007,1,1300
2015-11-13 12:50:27,0,45007,1,1301
2015-11-13 12:50:37,0,45007,1,1302
2015-11-13 12:50:47,0,45007,1,1303
2015-11-13 12:50:57,0,45007,1,1304
2015-11-13 12:51:07,0,45007,1,1305
2015-11-13 12:51:17,0,45007,1,1306
2015-11-13 12:51:27,0,45007,1,1307
2015-11-13 12:51:37,0,45007,1,1308
2015-11-13 12:51:47,0,45007,1,1309
2015-11-13 12:51:57,0,45007,1,1310
2015-11-13 12:52:07,0,45007,1,1311
2015-11-13 12:52:17,0,45007,1,1312
2015-11-13 12:52:27,0,45007,1,1313
2015-11-13 12:52:37,0,45007,1,1314
2015-11-13 12:52:47,0,45007,1,1315
2015-11-13 12:52:57,0,45007,1,1316
2015-11-13 12:53:07,0,45007,1,1317
2015-11-13 12:53:17,0,45007,1,1318
2015-11-13 12:53:27,0,45007,1,1319
2015-11-13 12:53:37,0,45007,1,1320
2015-11-13 12:53:47,0,45007,1,1321
2015-11-13 12:53:57,0,45007,1,1322
2015-11-13 12:54:07,0,45007,1,1323
2015-11-13 12:54:17,0.217324659228325,45007,1,1324
2015-11-13 12:54:27,0.43464258313179,45007,1,1325
2015-11-13 12:54:37,0.651993691921234,45007,1,1326
2015-11-13 12:54:47,0.869312405586243,45007,1,1327
2015-11-13 12:54:57,1.08664011955261,45007,1,1328
2015-11-13 12:55:07,1.26819062232971,45007,1,1329
2015-11-13 12:55:17,1.26835119724274,45007,1,1330
2015-11-13 12:55:27,1.26835119724274,45007,1,1331
2015-11-13 12:55:37,1.26835119724274,45007,1,1332
2015-11-13 12:55:47,0,45007,1,1333
2015-11-13 12:55:57,0,45007,1,1334
2015-11-13 12:56:07,0,45007,1,1335
2015-11-13 12:56:17,0,45007,1,1336
2015-11-13 12:56:27,0,45007,1,1337
2015-11-13 12:56:37,0,45007,1,1338
2015-11-13 12:56:47,0,45007,1,1339
2015-11-13 12:56:57,0,45007,1,1340
2015-11-13 12:57:07,0,45007,1,1341
2015-11-13 12:57:17,0,45007,1,1342
2015-11-13 12:57:27,0,45007,1,1343
2015-11-13 12:57:37,0,45007,1,1344
2015-11-13 12:57:47,0,45007,1,1345
2015-11-13 12:57:57,0,45007,1,1346
2015-11-13 12:58:07,0,45007,1,1347
2015-11-13 12:58:17,0,45007,1,1348
2015-11-13 12:58:27,0,45007,1,1349
2015-11-13 12:58:37,0,45007,1,1350
2015-11-13 12:58:47,0,45007,1,1351
2015-11-13 12:58:57,0,45007,1,1352
2015-11-13 12:59:07,0,45007,1,1353
2015-11-13 12:59:17,0,45007,1,1354
2015-11-13 12:59:27,0,45007,1,1355
2015-11-13 12:59:37,0,45007,1,1356
2015-11-13 12:59:47,0,45007,1,1357
2015-11-13 12:59:57,0,45007,1,1358
2015-11-13 13:00:07,0,45007,1,1359
2015-11-13 13:00:17,0.217312827706337,45007,1,1360
2015-11-13 13:00:27,0.434657752513886,45007,1,1361
2015-11-13 13:00:37,0.651972055435181,45007,1,1362
2015-11-13 13:00:47,0.869304358959198,45007,1,1363
2015-11-13 13:00:57,1.0866322517395,45007,1,1364
2015-11-13 13:01:07,1.26840913295746,45007,1,1365
2015-11-13 13:01:17,1.2685182094574,45007,1,1366
2015-11-13 13:01:27,1.2685182094574,45007,1,1367
2015-11-13 13:01:37,1.2685182094574,45007,1,1368
2015-11-13 13:01:47,0,45007,1,1369
2015-11-13 13:01:57,0,45007,1,1370
2015-11-13 13:02:07,0,45007,1,1371
