Date,Charge_Capacity,index
2015-11-13 09:13:44,0,1
2015-11-13 09:13:55,0.002777453946922,2
2015-11-13 09:14:05,0.005555428070533,3
2015-11-13 09:14:15,0.00833392252729,4
2015-11-13 09:14:25,0.011114544372017,5
2015-11-13 09:14:35,0.01389383401743,6
2015-11-13 09:14:45,0.016671991619328,7
2015-11-13 09:14:55,0.019449377098801,8
2015-11-13 09:15:05,0.022227205407475,9
2015-11-13 09:15:15,0.025005108672638,10
2015-11-13 09:15:25,0.027783850035573,11
2015-11-13 09:15:35,0.030561756772136,12
2015-11-13 09:15:45,0.033339014139782,13
2015-11-13 09:15:55,0.036116184332841,14
2015-11-13 09:16:05,0.038894034812826,15
2015-11-13 09:16:15,0.041673572733901,16
2015-11-13 09:16:25,0.044452605666514,17
2015-11-13 09:16:35,0.047232613164128,18
2015-11-13 09:16:45,0.050010801697247,19
2015-11-13 09:16:55,0.052790048917888,20
2015-11-13 09:17:05,0.055568811712147,21
2015-11-13 09:17:15,0.058346998700215,22
2015-11-13 09:17:25,0.061127371144525,23
2015-11-13 09:17:35,0.063905586665259,24
2015-11-13 09:17:45,0.066684286686323,25
2015-11-13 09:17:55,0.069464918950185,26
2015-11-13 09:18:05,0.072243059408067,27
2015-11-13 09:18:15,0.075020908670746,28
2015-11-13 09:18:25,0.077801001307618,29
2015-11-13 09:18:35,0.080578323713832,30
2015-11-13 09:18:45,0.083358366829195,31
2015-11-13 09:18:55,0.086137066733459,32
2015-11-13 09:19:05,0.088915201261406,33
2015-11-13 09:19:15,0.091692575258163,34
2015-11-13 09:19:25,0.094471241713938,35
2015-11-13 09:19:35,0.097248646937911,36
2015-11-13 09:19:45,0.100026284450963,37
2015-11-13 09:19:55,0.102805521515162,38
2015-11-13 09:20:05,0.105582641298048,39
2015-11-13 09:20:15,0.108361344201208,40
2015-11-13 09:20:25,0.111138989323101,41
2015-11-13 09:20:35,0.113916639595247,42
2015-11-13 09:20:45,0.116694555088318,43
2015-11-13 09:20:55,0.119472192734261,44
2015-11-13 09:21:05,0.1222492848936,45
2015-11-13 09:21:15,0.125028544201978,46
2015-11-13 09:21:25,0.127805647245666,47
2015-11-13 09:21:35,0.130583818761542,48
2015-11-13 09:21:45,0.133360948503797,49
2015-11-13 09:21:55,0.136138580096195,50
2015-11-13 09:22:05,0.138915995350062,51
2015-11-13 09:22:15,0.141695257657663,52
2015-11-13 09:22:25,0.144472893109373,53
2015-11-13 09:22:35,0.147250862407184,54
2015-11-13 09:22:45,0.150028750317257,55
2015-11-13 09:22:55,0.152808346288714,56
2015-11-13 09:23:05,0.155585208908632,57
2015-11-13 09:23:15,0.158364993752808,58
2015-11-13 09:23:25,0.161143469870113,59
2015-11-13 09:23:35,0.163920867635659,60
2015-11-13 09:23:45,0.166700173081549,61
2015-11-13 09:23:55,0.169479415925403,62
2015-11-13 09:24:05,0.172256314590473,63
2015-11-13 09:24:15,0.175034728639407,64
2015-11-13 09:24:25,0.177812919451171,65
2015-11-13 09:24:35,0.180591910179361,66
2015-11-13 09:24:45,0.183371462813791,67
2015-11-13 09:24:55,0.186150507963687,68
2015-11-13 09:25:05,0.188930596171888,69
2015-11-13 09:25:15,0.191709121459314,70
2015-11-13 09:25:25,0.194488411964689,71
2015-11-13 09:25:35,0.197266347399911,72
2015-11-13 09:25:45,0.200045876995823,73
2015-11-13 09:25:55,0.202823284093474,74
2015-11-13 09:26:05,0.205600643309658,75
2015-11-13 09:26:15,0.20837804831297,76
2015-11-13 09:26:25,0.211156562745612,77
2015-11-13 09:26:35,0.213936363077776,78
2015-11-13 09:26:45,0.216714824638949,79
2015-11-13 09:26:55,0.219493566628056,80
2015-11-13 09:27:05,0.222270713160665,81
2015-11-13 09:27:15,0.225049720260561,82
2015-11-13 09:27:25,0.227829566369208,83
2015-11-13 09:27:35,0.230609420982722,84
2015-11-13 09:27:45,0.233387610844253,85
2015-11-13 09:27:55,0.236165280468145,86
2015-11-13 09:28:05,0.238944863429927,87
2015-11-13 09:28:15,0.241724144485888,88
2015-11-13 09:28:25,0.244504042590068,89
2015-11-13 09:28:35,0.247281948089914,90
2015-11-13 09:28:45,0.250062036934767,91
2015-11-13 09:28:55,0.252841321255334,92
2015-11-13 09:29:05,0.255620090415067,93
2015-11-13 09:29:15,0.25839941597521,94
2015-11-13 09:29:25,0.261178164735287,95
2015-11-13 09:29:35,0.263955281029468,96
2015-11-13 09:29:45,0.266733513114203,97
2015-11-13 09:29:55,0.269510964721049,98
2015-11-13 09:30:05,0.272288347170062,99
2015-11-13 09:30:15,0.275066297958241,100
2015-11-13 09:30:25,0.277845354865883,101
2015-11-13 09:30:35,0.280622750735867,102
2015-11-13 09:30:45,0.283402585238081,103
2015-11-13 09:30:55,0.286182171948474,104
2015-11-13 09:31:05,0.288961149651699,105
2015-11-13 09:31:15,0.291739644998859,106
2015-11-13 09:31:25,0.29451927332972,107
2015-11-13 09:31:35,0.297298285471672,108
2015-11-13 09:31:45,0.300078682464513,109
2015-11-13 09:31:55,0.302858255245007,110
2015-11-13 09:32:05,0.305638087815342,111
2015-11-13 09:32:15,0.308416315190785,112
2015-11-13 09:32:25,0.311194068342304,113
2015-11-13 09:32:35,0.31397199759019,114
2015-11-13 09:32:45,0.316750467123666,115
2015-11-13 09:32:55,0.319528921790156,116
2015-11-13 09:33:05,0.322309008037859,117
2015-11-13 09:33:15,0.325086363192201,118
2015-11-13 09:33:25,0.327865668005884,119
2015-11-13 09:33:35,0.330645462335438,120
2015-11-13 09:33:45,0.333423685965295,121
2015-11-13 09:33:55,0.336203501843094,122
2015-11-13 09:34:05,0.338981634974152,123
2015-11-13 09:34:15,0.34175957863581,124
2015-11-13 09:34:25,0.344539648265731,125
2015-11-13 09:34:35,0.347319217509493,126
2015-11-13 09:34:45,0.350099550148292,127
2015-11-13 09:34:55,0.352879358619917,128
2015-11-13 09:35:05,0.355657557542216,129
2015-11-13 09:35:15,0.358437088151969,130
2015-11-13 09:35:25,0.361217181754039,131
2015-11-13 09:35:35,0.363994525078354,132
2015-11-13 09:35:45,0.366774058802442,133
2015-11-13 09:35:55,0.369551886059737,134
2015-11-13 09:36:05,0.37233094634853,135
2015-11-13 09:36:15,0.375108853557821,136
2015-11-13 09:36:25,0.377888090816746,137
2015-11-13 09:36:35,0.380666534669325,138
2015-11-13 09:36:45,0.383444291778487,139
2015-11-13 09:36:55,0.386222011134209,140
2015-11-13 09:37:05,0.389000722058796,141
2015-11-13 09:37:15,0.391779232142689,142
2015-11-13 09:37:25,0.394557146012593,143
2015-11-13 09:37:35,0.397335574325774,144
2015-11-13 09:37:45,0.400115405172931,145
2015-11-13 09:37:55,0.402893614953469,146
2015-11-13 09:38:05,0.405671797543038,147
2015-11-13 09:38:15,0.408451594807757,148
2015-11-13 09:38:25,0.411231750783534,149
2015-11-13 09:38:35,0.414009937960176,150
2015-11-13 09:38:45,0.416788642102119,151
2015-11-13 09:38:55,0.419565999588313,152
2015-11-13 09:39:05,0.422345246542234,153
2015-11-13 09:39:15,0.425123418687748,154
2015-11-13 09:39:25,0.427900758290809,155
2015-11-13 09:39:35,0.430680555491549,156
2015-11-13 09:39:45,0.433458369081161,157
2015-11-13 09:39:55,0.436237771697833,158
2015-11-13 09:40:05,0.439015390277077,159
2015-11-13 09:40:16,0.441795227622575,160
2015-11-13 09:40:26,0.444574548512487,161
2015-11-13 09:40:36,0.447354892484796,162
2015-11-13 09:40:46,0.450134127564544,163
2015-11-13 09:40:56,0.45291253339947,164
2015-11-13 09:41:06,0.455690186667346,165
2015-11-13 09:41:16,0.458468915570064,166
2015-11-13 09:41:26,0.461248220557709,167
2015-11-13 09:41:36,0.464026120480374,168
2015-11-13 09:41:46,0.466805365297267,169
2015-11-13 09:41:56,0.469585745765873,170
2015-11-13 09:42:06,0.472365277511242,171
2015-11-13 09:42:16,0.475143970266322,172
2015-11-13 09:42:26,0.477922152592347,173
2015-11-13 09:42:36,0.48070222016692,174
2015-11-13 09:42:46,0.483482540016756,175
2015-11-13 09:42:56,0.48626068449138,176
2015-11-13 09:43:06,0.48903882569359,177
2015-11-13 09:43:16,0.491819305497726,178
2015-11-13 09:43:26,0.494597301036472,179
2015-11-13 09:43:36,0.497377062066766,180
2015-11-13 09:43:46,0.500157145669651,181
2015-11-13 09:43:56,0.502937468626709,182
2015-11-13 09:44:06,0.505716701122651,183
2015-11-13 09:44:16,0.508495660675867,184
2015-11-13 09:44:26,0.511276012581903,185
2015-11-13 09:44:36,0.514056891478141,186
2015-11-13 09:44:46,0.516837758424074,187
2015-11-13 09:44:56,0.519616653124935,188
2015-11-13 09:45:06,0.522395385082124,189
2015-11-13 09:45:16,0.525173540359811,190
2015-11-13 09:45:26,0.527954130025476,191
2015-11-13 09:45:36,0.530734191078961,192
2015-11-13 09:45:46,0.533513453598131,193
2015-11-13 09:45:56,0.536290849316851,194
2015-11-13 09:46:06,0.539068963723674,195
2015-11-13 09:46:16,0.541848748986611,196
2015-11-13 09:46:26,0.544628269550306,197
2015-11-13 09:46:36,0.547406460400218,198
2015-11-13 09:46:46,0.550184027998966,199
2015-11-13 09:46:56,0.552961716679642,200
2015-11-13 09:47:06,0.555742346850686,201
2015-11-13 09:47:16,0.55852104886924,202
2015-11-13 09:47:26,0.561301653802174,203
2015-11-13 09:47:36,0.56408145606129,204
2015-11-13 09:47:46,0.566859320116325,205
2015-11-13 09:47:56,0.569637695750388,206
2015-11-13 09:48:06,0.572417713893632,207
2015-11-13 09:48:16,0.575198302322396,208
2015-11-13 09:48:26,0.577976172442713,209
2015-11-13 09:48:36,0.580754867855619,210
2015-11-13 09:48:46,0.583533268674079,211
2015-11-13 09:48:56,0.586313909102968,212
2015-11-13 09:49:06,0.589092088617874,213
2015-11-13 09:49:16,0.591872978939845,214
2015-11-13 09:49:26,0.594652218551325,215
2015-11-13 09:49:36,0.597430613539254,216
2015-11-13 09:49:46,0.600210914874262,217
2015-11-13 09:49:56,0.602991222961851,218
2015-11-13 09:50:06,0.605771807966021,219
2015-11-13 09:50:16,0.608552412318718,220
2015-11-13 09:50:26,0.611331953524358,221
2015-11-13 09:50:36,0.614111475081041,222
2015-11-13 09:50:46,0.61689185904226,223
2015-11-13 09:50:56,0.619669934866549,224
2015-11-13 09:51:06,0.622448967894632,225
2015-11-13 09:51:16,0.625227147763629,226
2015-11-13 09:51:26,0.62800748176425,227
2015-11-13 09:51:36,0.6307875608313,228
2015-11-13 09:51:46,0.633567946510879,229
2015-11-13 09:51:56,0.63634805438117,230
2015-11-13 09:52:06,0.639125717330557,231
2015-11-13 09:52:16,0.641903825927937,232
2015-11-13 09:52:26,0.644683849455624,233
2015-11-13 09:52:36,0.647461722610797,234
2015-11-13 09:52:46,0.650239612853718,235
2015-11-13 09:52:56,0.653018874026465,236
2015-11-13 09:53:06,0.655798966774031,237
2015-11-13 09:53:16,0.65857931693492,238
2015-11-13 09:53:26,0.661358841175364,239
2015-11-13 09:53:36,0.6641370282252,240
2015-11-13 09:53:46,0.666915763341439,241
2015-11-13 09:53:56,0.669694216177261,242
2015-11-13 09:54:06,0.672472641907264,243
2015-11-13 09:54:16,0.675252209878297,244
2015-11-13 09:54:26,0.678031709672529,245
2015-11-13 09:54:36,0.680811209510933,246
2015-11-13 09:54:46,0.683591862581315,247
2015-11-13 09:54:56,0.686372523016518,248
2015-11-13 09:55:06,0.689151806278417,249
2015-11-13 09:55:16,0.691932407773737,250
2015-11-13 09:55:26,0.694710593016101,251
2015-11-13 09:55:36,0.697490959878395,252
2015-11-13 09:55:46,0.70027022371111,253
2015-11-13 09:55:56,0.703050021026986,254
2015-11-13 09:56:06,0.705830409463159,255
2015-11-13 09:56:16,0.708608591868881,256
2015-11-13 09:56:26,0.711387866106696,257
2015-11-13 09:56:36,0.714165749574746,258
2015-11-13 09:56:46,0.71694388011728,259
2015-11-13 09:56:56,0.71972132362374,260
2015-11-13 09:57:06,0.722498910635591,261
2015-11-13 09:57:16,0.725277404664363,262
2015-11-13 09:57:26,0.728057769173843,263
2015-11-13 09:57:36,0.730838133630359,264
2015-11-13 09:57:46,0.733617942605411,265
2015-11-13 09:57:56,0.736397239291836,266
2015-11-13 09:58:06,0.739177027069687,267
2015-11-13 09:58:16,0.741957407243603,268
2015-11-13 09:58:26,0.744737248128285,269
2015-11-13 09:58:36,0.747517061650961,270
2015-11-13 09:58:46,0.75029710911478,271
2015-11-13 09:58:56,0.753076414124264,272
2015-11-13 09:59:06,0.755855945028169,273
2015-11-13 09:59:16,0.758636301005837,274
2015-11-13 09:59:26,0.761415301787277,275
2015-11-13 09:59:36,0.764194834347968,276
2015-11-13 09:59:46,0.766973812401997,277
2015-11-13 09:59:56,0.769752849350929,278
2015-11-13 10:00:06,0.77253048363462,279
2015-11-13 10:00:16,0.775310854177898,280
2015-11-13 10:00:26,0.778089535481725,281
2015-11-13 10:00:36,0.780867075371775,282
2015-11-13 10:00:46,0.783646030947437,283
2015-11-13 10:00:56,0.786397643807203,284
2015-11-13 10:01:06,0.789203452701275,285
2015-11-13 10:01:16,0.79198385708011,286
2015-11-13 10:01:26,0.794764305712324,287
2015-11-13 10:01:36,0.797542306670338,288
2015-11-13 10:01:46,0.800321561058136,289
2015-11-13 10:01:56,0.803099167425,290
2015-11-13 10:02:06,0.80587762400726,291
2015-11-13 10:02:16,0.808655805716353,292
2015-11-13 10:02:26,0.811436143418074,293
2015-11-13 10:02:36,0.814216746121362,294
2015-11-13 10:02:46,0.816997259746269,295
2015-11-13 10:02:56,0.819776054234159,296
2015-11-13 10:03:06,0.822555591062241,297
2015-11-13 10:03:16,0.825335399024157,298
2015-11-13 10:03:26,0.828115982124859,299
2015-11-13 10:03:36,0.830894162828793,300
2015-11-13 10:03:46,0.833671746246535,301
2015-11-13 10:03:56,0.836450455604149,302
2015-11-13 10:04:06,0.839230231765525,303
2015-11-13 10:04:17,0.842009748338346,304
2015-11-13 10:04:27,0.844788471950289,305
2015-11-13 10:04:37,0.847567148012075,306
2015-11-13 10:04:47,0.850347772737313,307
2015-11-13 10:04:57,0.85312761466473,308
2015-11-13 10:05:07,0.855907400939786,309
2015-11-13 10:05:17,0.858685222995736,310
2015-11-13 10:05:27,0.861465361636991,311
2015-11-13 10:05:37,0.864242994097332,312
2015-11-13 10:05:47,0.86702198669606,313
2015-11-13 10:05:57,0.869799906055595,314
2015-11-13 10:06:07,0.872579741420421,315
2015-11-13 10:06:17,0.875359293650826,316
2015-11-13 10:06:27,0.878139962799339,317
2015-11-13 10:06:37,0.880919691109012,318
2015-11-13 10:06:47,0.883699526705737,319
2015-11-13 10:06:57,0.886478960221304,320
2015-11-13 10:07:07,0.889259516737209,321
2015-11-13 10:07:17,0.892039025572732,322
2015-11-13 10:07:27,0.894818047149841,323
2015-11-13 10:07:37,0.897597347138185,324
2015-11-13 10:07:47,0.900378193836587,325
2015-11-13 10:07:57,0.903156376557906,326
2015-11-13 10:08:07,0.905935107153946,327
2015-11-13 10:08:17,0.908714314142245,328
2015-11-13 10:08:27,0.911494413055814,329
2015-11-13 10:08:37,0.914275017644061,330
2015-11-13 10:08:47,0.917055654226789,331
2015-11-13 10:08:57,0.919833609566803,332
2015-11-13 10:09:07,0.922614519746837,333
2015-11-13 10:09:17,0.925394080969404,334
2015-11-13 10:09:27,0.928174940068897,335
2015-11-13 10:09:37,0.930953069275093,336
2015-11-13 10:09:47,0.933731262301721,337
2015-11-13 10:09:57,0.936508900691002,338
2015-11-13 10:10:07,0.939286521755401,339
2015-11-13 10:10:17,0.942065798395465,340
2015-11-13 10:10:27,0.944844261292299,341
2015-11-13 10:10:37,0.947622763512408,342
2015-11-13 10:10:47,0.950402859236433,343
2015-11-13 10:10:57,0.953183243767201,344
2015-11-13 10:11:07,0.955961182583346,345
2015-11-13 10:11:17,0.958741540394939,346
2015-11-13 10:11:27,0.961520033514256,347
2015-11-13 10:11:37,0.964298506849173,348
2015-11-13 10:11:47,0.967078868630086,349
2015-11-13 10:11:57,0.969857293301183,350
2015-11-13 10:12:07,0.972637108505994,351
2015-11-13 10:12:17,0.975417975563467,352
2015-11-13 10:12:27,0.978196421166541,353
2015-11-13 10:12:37,0.980974921197615,354
2015-11-13 10:12:47,0.983754748999036,355
2015-11-13 10:12:57,0.986533208295159,356
2015-11-13 10:13:07,0.989311423215035,357
2015-11-13 10:13:17,0.992089295686851,358
2015-11-13 10:13:27,0.994867787000231,359
2015-11-13 10:13:37,0.997646216839229,360
2015-11-13 10:13:47,1.00042654952567,361
2015-11-13 10:13:57,1.00320476450102,362
2015-11-13 10:14:07,1.00598234785656,363
2015-11-13 10:14:17,1.00876053291865,364
2015-11-13 10:14:27,1.01154143852665,365
2015-11-13 10:14:37,1.01432047688867,366
2015-11-13 10:14:47,1.01709827067754,367
2015-11-13 10:14:57,1.01987736466368,368
2015-11-13 10:15:07,1.02265558030084,369
2015-11-13 10:15:17,1.02543312980748,370
2015-11-13 10:15:27,1.02821384993161,371
2015-11-13 10:15:37,1.03099232594956,372
2015-11-13 10:15:47,1.0337720621382,373
2015-11-13 10:15:57,1.03655192398936,374
2015-11-13 10:16:07,1.03933034307804,375
2015-11-13 10:16:17,1.04210871810228,376
2015-11-13 10:16:27,1.04488836628135,377
2015-11-13 10:16:37,1.04766875079696,378
2015-11-13 10:16:47,1.05044751320416,379
2015-11-13 10:16:57,1.05322518030199,380
2015-11-13 10:17:07,1.05600364976781,381
2015-11-13 10:17:17,1.05878213985857,382
2015-11-13 10:17:27,1.06156119291121,383
2015-11-13 10:17:37,1.06434015708896,384
2015-11-13 10:17:47,1.0671199839695,385
2015-11-13 10:17:57,1.06990038260956,386
2015-11-13 10:18:07,1.07267847846431,387
2015-11-13 10:18:17,1.07545570613551,388
2015-11-13 10:18:27,1.07823502884363,389
2015-11-13 10:18:37,1.08101347847362,390
2015-11-13 10:18:47,1.08379141314258,391
2015-11-13 10:18:57,1.08656908921786,392
2015-11-13 10:19:07,1.08934731842397,393
2015-11-13 10:19:17,1.09212607034554,394
2015-11-13 10:19:27,1.09490581522776,395
2015-11-13 10:19:37,1.09768332010478,396
2015-11-13 10:19:47,1.10046152238852,397
2015-11-13 10:19:57,1.10323882295858,398
2015-11-13 10:20:07,1.10601631996758,399
2015-11-13 10:20:17,1.10879458070329,400
2015-11-13 10:20:27,1.11157282789827,401
2015-11-13 10:20:37,1.1143528703141,402
2015-11-13 10:20:47,1.11713083746843,403
2015-11-13 10:20:57,1.11990906970464,404
2015-11-13 10:21:07,1.12268645762578,405
2015-11-13 10:21:17,1.1254646488452,406
2015-11-13 10:21:27,1.12824310705004,407
2015-11-13 10:21:37,1.13102296967416,408
2015-11-13 10:21:47,1.13380121970183,409
2015-11-13 10:21:57,1.13657913912188,410
2015-11-13 10:22:07,1.13935872398795,411
2015-11-13 10:22:17,1.14213698178023,412
2015-11-13 10:22:27,1.14491523925042,413
2015-11-13 10:22:37,1.1476951098532,414
2015-11-13 10:22:47,1.15047332704964,415
2015-11-13 10:22:57,1.15325183926924,416
2015-11-13 10:23:07,1.15603224643282,417
2015-11-13 10:23:17,1.15881044008487,418
2015-11-13 10:23:27,1.16158894919906,419
2015-11-13 10:23:37,1.16436851230965,420
2015-11-13 10:23:47,1.16714703853368,421
2015-11-13 10:23:57,1.16992749650726,422
2015-11-13 10:24:07,1.17270517717839,423
2015-11-13 10:24:17,1.17548314301222,424
2015-11-13 10:24:27,1.17826139696156,425
2015-11-13 10:24:37,1.18104123192122,426
2015-11-13 10:24:47,1.1838194755405,427
2015-11-13 10:24:57,1.1865977469479,428
2015-11-13 10:25:07,1.1893784603091,429
2015-11-13 10:25:17,1.19215664378219,430
2015-11-13 10:25:27,1.1949343280731,431
2015-11-13 10:25:37,1.19771442785309,432
2015-11-13 10:25:47,1.20049239955231,433
2015-11-13 10:25:57,1.2032706185168,434
2015-11-13 10:26:07,1.20605047505819,435
2015-11-13 10:26:17,1.20882951966665,436
2015-11-13 10:26:27,1.21160778241664,437
2015-11-13 10:26:37,1.21438737495464,438
2015-11-13 10:26:47,1.21716559128358,439
2015-11-13 10:26:57,1.21994379906764,440
2015-11-13 10:27:07,1.22272366391388,441
2015-11-13 10:27:17,1.22550241383066,442
2015-11-13 10:27:27,1.22828064398394,443
2015-11-13 10:27:37,1.23106076153715,444
2015-11-13 10:27:47,1.23383927749996,445
2015-11-13 10:27:57,1.23661778587196,446
2015-11-13 10:28:07,1.23939764681712,447
2015-11-13 10:28:17,1.24217584397484,448
2015-11-13 10:28:27,1.24495403642844,449
2015-11-13 10:28:37,1.24773416145163,450
2015-11-13 10:28:47,1.25051243643577,451
2015-11-13 10:28:57,1.25329062651065,452
2015-11-13 10:29:07,1.2560713056904,453
2015-11-13 10:29:17,1.25884954461115,454
2015-11-13 10:29:27,1.26162778875968,455
2015-11-13 10:29:37,1.26440796915264,456
2015-11-13 10:29:47,1.26718624063788,457
2015-11-13 10:29:57,1.26996417217099,458
2015-11-13 10:30:07,1.27274374564141,459
2015-11-13 10:30:17,1.27552199808219,460
2015-11-13 10:30:27,1.27829969332766,461
2015-11-13 10:30:37,1.28107957992392,462
2015-11-13 10:30:47,1.28385792165542,463
2015-11-13 10:30:57,1.28663608801052,464
2015-11-13 10:31:07,1.28941602053001,465
2015-11-13 10:31:17,1.29219504208458,466
2015-11-13 10:31:27,1.29497327114816,467
2015-11-13 10:31:37,1.29775343059093,468
2015-11-13 10:31:47,1.30053410836459,469
2015-11-13 10:31:58,1.30331374352221,470
2015-11-13 10:32:08,1.30609140798702,471
2015-11-13 10:32:18,1.30887028189806,472
2015-11-13 10:32:28,1.31165009188756,473
2015-11-13 10:32:38,1.31442996135938,474
2015-11-13 10:32:48,1.31720927718052,475
2015-11-13 10:32:58,1.31998724509419,476
2015-11-13 10:33:08,1.3227673897353,477
2015-11-13 10:33:18,1.32554724207042,478
2015-11-13 10:33:28,1.32832765600585,479
2015-11-13 10:33:38,1.33110587937737,480
2015-11-13 10:33:48,1.33388330696551,481
2015-11-13 10:33:58,1.33666183829456,482
2015-11-13 10:34:08,1.33944168697651,483
2015-11-13 10:34:18,1.3422204696579,484
2015-11-13 10:34:28,1.34499979342449,485
2015-11-13 10:34:38,1.34777724063389,486
2015-11-13 10:34:48,1.35055630089908,487
2015-11-13 10:34:58,1.35333350410117,488
2015-11-13 10:35:08,1.35611333843603,489
2015-11-13 10:35:18,1.35889101953017,490
2015-11-13 10:35:28,1.36167092666183,491
2015-11-13 10:35:38,1.36444944698514,492
2015-11-13 10:35:48,1.36722875250597,493
2015-11-13 10:35:58,1.37000806176809,494
2015-11-13 10:36:08,1.37278767190362,495
2015-11-13 10:36:18,1.37556674353544,496
2015-11-13 10:36:28,1.37834552632712,497
2015-11-13 10:36:38,1.38112382870376,498
2015-11-13 10:36:48,1.38390148228671,499
2015-11-13 10:36:58,1.38667917970715,500
2015-11-13 10:37:08,1.3894590926221,501
2015-11-13 10:37:18,1.39223763642964,502
2015-11-13 10:37:28,1.39501618048843,503
2015-11-13 10:37:38,1.39779599889096,504
2015-11-13 10:37:48,1.40057454469528,505
2015-11-13 10:37:58,1.40335339668539,506
2015-11-13 10:38:08,1.40613301664282,507
2015-11-13 10:38:18,1.40891209149056,508
2015-11-13 10:38:28,1.41169120499241,509
2015-11-13 10:38:38,1.4144710937393,510
2015-11-13 10:38:48,1.41724923115013,511
2015-11-13 10:38:58,1.42002867087831,512
2015-11-13 10:39:08,1.42280664511012,513
2015-11-13 10:39:18,1.42558679064495,514
2015-11-13 10:39:28,1.4283647713135,515
2015-11-13 10:39:38,1.43114301866425,516
2015-11-13 10:39:48,1.43392129336297,517
2015-11-13 10:39:58,1.43670092932443,518
2015-11-13 10:40:08,1.43947919313444,519
2015-11-13 10:40:18,1.44225748609825,520
2015-11-13 10:40:28,1.44503796312175,521
2015-11-13 10:40:38,1.44781621897083,522
2015-11-13 10:40:48,1.45059503473239,523
2015-11-13 10:40:58,1.45337358839121,524
2015-11-13 10:41:08,1.45615154888675,525
2015-11-13 10:41:18,1.45893008842786,526
2015-11-13 10:41:28,1.46170756081761,527
2015-11-13 10:41:38,1.46448776074415,528
2015-11-13 10:41:48,1.46726578522812,529
2015-11-13 10:41:58,1.47004350112416,530
2015-11-13 10:42:08,1.47282205762757,531
2015-11-13 10:42:18,1.47559980432009,532
2015-11-13 10:42:28,1.47837721707802,533
2015-11-13 10:42:38,1.48115629843583,534
2015-11-13 10:42:48,1.48393431392841,535
2015-11-13 10:42:58,1.48671251643678,536
2015-11-13 10:43:08,1.4894926196876,537
2015-11-13 10:43:18,1.49227330561402,538
2015-11-13 10:43:28,1.49505127418163,539
2015-11-13 10:43:38,1.49782876826719,540
2015-11-13 10:43:48,1.50060836736548,541
2015-11-13 10:43:58,1.50338769264921,542
2015-11-13 10:44:08,1.50616646555424,543
2015-11-13 10:44:18,1.50894659203903,544
2015-11-13 10:44:28,1.5117248063476,545
2015-11-13 10:44:38,1.51450436906674,546
2015-11-13 10:44:48,1.51728478839057,547
2015-11-13 10:44:58,1.52006332974135,548
2015-11-13 10:45:08,1.52284186870621,549
2015-11-13 10:45:18,1.52562257736431,550
2015-11-13 10:45:28,1.52840171864285,551
2015-11-13 10:45:38,1.53118008276934,552
2015-11-13 10:45:48,1.53395941168302,553
2015-11-13 10:45:58,1.53673876172187,554
2015-11-13 10:46:08,1.53951720546443,555
2015-11-13 10:46:18,1.54229522129387,556
2015-11-13 10:46:28,1.54507314255588,557
2015-11-13 10:46:38,1.54785162417901,558
2015-11-13 10:46:48,1.55063011551433,559
2015-11-13 10:46:58,1.55341027018093,560
2015-11-13 10:47:08,1.55618871646822,561
2015-11-13 10:47:18,1.55896754176965,562
2015-11-13 10:47:28,1.56174602483868,563
2015-11-13 10:47:38,1.56452535626083,564
2015-11-13 10:47:48,1.56730597573004,565
2015-11-13 10:47:58,1.57008532772666,566
2015-11-13 10:48:08,1.57286538480261,567
2015-11-13 10:48:18,1.57564390737599,568
2015-11-13 10:48:28,1.5784224128789,569
2015-11-13 10:48:38,1.58120282153535,570
2015-11-13 10:48:48,1.58398161623054,571
2015-11-13 10:48:58,1.58676012319774,572
2015-11-13 10:49:08,1.58954045601915,573
2015-11-13 10:49:18,1.59231899390893,574
2015-11-13 10:49:28,1.59509756272155,575
2015-11-13 10:49:38,1.59787821946408,576
2015-11-13 10:49:48,1.60065673003285,577
2015-11-13 10:49:58,1.60343744119848,578
2015-11-13 10:50:08,1.60621728795836,579
2015-11-13 10:50:18,1.6089957911516,580
2015-11-13 10:50:28,1.61177434173471,581
2015-11-13 10:50:38,1.61455472063814,582
2015-11-13 10:50:48,1.6173332845525,583
2015-11-13 10:50:58,1.62011185735811,584
2015-11-13 10:51:08,1.62289172590766,585
2015-11-13 10:51:18,1.62567024112049,586
2015-11-13 10:51:28,1.62844879448569,587
2015-11-13 10:51:38,1.63122891948902,588
2015-11-13 10:51:48,1.63400776658875,589
2015-11-13 10:51:58,1.63678631092019,590
2015-11-13 10:52:08,1.63956439531657,591
2015-11-13 10:52:18,1.64234273705917,592
2015-11-13 10:52:28,1.64512308653501,593
2015-11-13 10:52:38,1.6479019240747,594
2015-11-13 10:52:48,1.65068225293714,595
2015-11-13 10:52:58,1.65346098276107,596
2015-11-13 10:53:08,1.65623865367837,597
2015-11-13 10:53:18,1.65901739051944,598
2015-11-13 10:53:28,1.66179503218925,599
2015-11-13 10:53:38,1.66457323270899,600
2015-11-13 10:53:48,1.66735198843521,601
2015-11-13 10:53:58,1.67013106137126,602
2015-11-13 10:54:08,1.6729114384355,603
2015-11-13 10:54:18,1.67568966074869,604
2015-11-13 10:54:28,1.67846737685376,605
2015-11-13 10:54:38,1.68124527639027,606
2015-11-13 10:54:48,1.68402566087071,607
2015-11-13 10:54:58,1.6868047089002,608
2015-11-13 10:55:08,1.68958507330522,609
2015-11-13 10:55:18,1.69236438691869,610
2015-11-13 10:55:28,1.695143683845,611
2015-11-13 10:55:38,1.69792240610284,612
2015-11-13 10:55:48,1.70070060298662,613
2015-11-13 10:55:58,1.70348094525306,614
2015-11-13 10:56:08,1.7062613664801,615
2015-11-13 10:56:18,1.70903928124061,616
2015-11-13 10:56:28,1.71181810033725,617
2015-11-13 10:56:38,1.714597156085,618
2015-11-13 10:56:48,1.71737509631139,619
2015-11-13 10:56:58,1.72015438290325,620
2015-11-13 10:57:08,1.7229347238623,621
2015-11-13 10:57:18,1.72571401301423,622
2015-11-13 10:57:28,1.72849280500106,623
2015-11-13 10:57:38,1.73127276440152,624
2015-11-13 10:57:48,1.73405094836508,625
2015-11-13 10:57:58,1.73682953612362,626
2015-11-13 10:58:08,1.73960964585533,627
2015-11-13 10:58:18,1.74239021800195,628
2015-11-13 10:58:28,1.7451689221707,629
2015-11-13 10:58:38,1.74794850881928,630
2015-11-13 10:58:48,1.75072670993663,631
2015-11-13 10:58:58,1.75350492232386,632
2015-11-13 10:59:08,1.75628247953651,633
2015-11-13 10:59:18,1.75906168285826,634
2015-11-13 10:59:28,1.7618421290365,635
2015-11-13 10:59:38,1.76462090615626,636
2015-11-13 10:59:49,1.76739938997527,637
2015-11-13 10:59:59,1.77017950615374,638
2015-11-13 11:00:09,1.77295802014882,639
2015-11-13 11:00:19,1.77573791017889,640
2015-11-13 11:00:29,1.77851644069719,641
2015-11-13 11:00:39,1.78129525288306,642
2015-11-13 11:00:49,1.78407429876304,643
2015-11-13 11:00:59,1.78685441922769,644
2015-11-13 11:01:09,1.78963288310151,645
2015-11-13 11:01:19,1.79241142240301,646
2015-11-13 11:01:29,1.79519151030304,647
2015-11-13 11:01:39,1.79797029299231,648
2015-11-13 11:01:49,1.80074901130476,649
2015-11-13 11:01:59,1.80352966951924,650
2015-11-13 11:02:09,1.80630760684868,651
2015-11-13 11:02:19,1.80908801290308,652
2015-11-13 11:02:29,1.81186841177754,653
2015-11-13 11:02:39,1.81464694724577,654
2015-11-13 11:02:49,1.81742566975029,655
2015-11-13 11:02:59,1.82020633953486,656
2015-11-13 11:03:09,1.82298478372377,657
2015-11-13 11:03:19,1.82576296783897,658
2015-11-13 11:03:29,1.8285406517733,659
2015-11-13 11:03:39,1.83131844684459,660
2015-11-13 11:03:49,1.83409623976546,661
2015-11-13 11:03:59,1.83687773409236,662
2015-11-13 11:04:09,1.8396549065097,663
2015-11-13 11:04:19,1.84243645537854,664
2015-11-13 11:04:29,1.84521791735736,665
2015-11-13 11:04:39,1.84799505169041,666
2015-11-13 11:04:49,1.85078085145115,667
2015-11-13 11:04:59,1.85356227094297,668
2015-11-13 11:05:09,1.85634377733492,669
2015-11-13 11:05:19,1.85912093206137,670
2015-11-13 11:05:29,1.86190246239569,671
2015-11-13 11:05:39,1.86468390695132,672
2015-11-13 11:05:43,1.86579476862693,673
2015-11-13 11:05:53,1.86853260033224,674
2015-11-13 11:06:03,1.87121114939556,675
2015-11-13 11:06:13,1.8738347896213,676
2015-11-13 11:06:23,1.87640267455616,677
2015-11-13 11:06:33,1.8789259640375,678
2015-11-13 11:06:43,1.88139819023491,679
2015-11-13 11:06:53,1.88383306307844,680
2015-11-13 11:07:03,1.88622074413879,681
2015-11-13 11:07:13,1.88856281890363,682
2015-11-13 11:07:23,1.89086724402352,683
2015-11-13 11:07:33,1.89312827921088,684
2015-11-13 11:07:43,1.89535419360579,685
2015-11-13 11:07:53,1.89754195945954,686
2015-11-13 11:08:03,1.89969260431428,687
2015-11-13 11:08:13,1.90180675489904,688
2015-11-13 11:08:23,1.90388196677846,689
2015-11-13 11:08:33,1.90592546104593,690
2015-11-13 11:08:43,1.90793493274225,691
2015-11-13 11:08:53,1.90991092766146,692
2015-11-13 11:09:03,1.9118543007958,693
2015-11-13 11:09:13,1.91376538223492,694
2015-11-13 11:09:23,1.91564525733844,695
2015-11-13 11:09:33,1.91749183221337,696
2015-11-13 11:09:43,1.91931103528152,697
2015-11-13 11:09:53,1.92110035721361,698
2015-11-13 11:10:03,1.92285817081348,699
2015-11-13 11:10:13,1.92459033812689,700
2015-11-13 11:10:23,1.92629229257949,701
2015-11-13 11:10:33,1.92796914727517,702
2015-11-13 11:10:43,1.92961908924071,703
2015-11-13 11:10:53,1.9312426639802,704
2015-11-13 11:11:03,1.93284041183321,705
2015-11-13 11:11:13,1.93441250729351,706
2015-11-13 11:11:23,1.93595957548091,707
2015-11-13 11:11:33,1.93747967264514,708
2015-11-13 11:11:43,1.93897806318863,709
2015-11-13 11:11:53,1.94045053460669,710
2015-11-13 11:12:03,1.94190194168364,711
2015-11-13 11:12:13,1.94332875868573,712
2015-11-13 11:12:23,1.94473497445728,713
2015-11-13 11:12:33,1.94611724132968,714
2015-11-13 11:12:43,1.94748011036649,715
2015-11-13 11:12:53,1.94882187556801,716
2015-11-13 11:13:03,1.95014072245433,717
2015-11-13 11:13:13,1.951441063668,718
2015-11-13 11:13:23,1.95271939631059,719
2015-11-13 11:13:33,1.95398200836106,720
2015-11-13 11:13:43,1.95522322341789,721
2015-11-13 11:13:53,1.95644526625329,722
2015-11-13 11:14:03,1.95764859377104,723
2015-11-13 11:14:13,1.95883360517826,724
2015-11-13 11:14:23,1.96000062037946,725
2015-11-13 11:14:33,1.96114984472617,726
2015-11-13 11:14:44,1.96228155524472,727
2015-11-13 11:14:54,1.96339600346317,728
2015-11-13 11:15:04,1.96449184256118,729
2015-11-13 11:15:14,1.96557277332448,730
2015-11-13 11:15:24,1.96663724512363,731
2015-11-13 11:15:34,1.96768557153545,732
2015-11-13 11:15:44,1.96871810600331,733
2015-11-13 11:15:54,1.96973510050031,734
2015-11-13 11:16:04,1.97073699709437,735
2015-11-13 11:16:14,1.97172403693024,736
2015-11-13 11:16:24,1.97269667762748,737
2015-11-13 11:16:34,1.97365503386535,738
2015-11-13 11:16:44,1.97459918717349,739
2015-11-13 11:16:54,1.97552934513593,740
2015-11-13 11:17:04,1.9764456991095,741
2015-11-13 11:17:14,1.97734705626534,742
2015-11-13 11:17:24,1.97823663578066,743
2015-11-13 11:17:34,1.9791118744753,744
2015-11-13 11:17:44,1.97997578687771,745
2015-11-13 11:17:54,1.98082740184171,746
2015-11-13 11:18:04,1.9816665875492,747
2015-11-13 11:18:14,1.98249223382981,748
2015-11-13 11:18:24,1.98330716094147,749
2015-11-13 11:18:34,1.9841102406925,750
2015-11-13 11:18:44,1.98490091663702,751
2015-11-13 11:18:54,1.98568151552555,752
2015-11-13 11:19:04,1.98645092335392,753
2015-11-13 11:19:14,1.98720955220253,754
2015-11-13 11:19:24,1.98795605904351,755
2015-11-13 11:19:34,1.98869323353409,756
2015-11-13 11:19:44,1.98941896698042,757
2015-11-13 11:19:54,1.99013563763081,758
2015-11-13 11:20:04,1.99084128128296,759
2015-11-13 11:20:14,1.99153827474024,760
2015-11-13 11:20:24,1.9922253760181,761
2015-11-13 11:20:34,1.99290267534285,762
2015-11-13 11:20:44,1.99357087150776,763
2015-11-13 11:20:54,1.99422875532122,764
2015-11-13 11:21:04,1.99487857756973,765
2015-11-13 11:21:14,1.99551838856617,766
2015-11-13 11:21:24,1.99615052833339,767
2015-11-13 11:21:34,1.99677308366996,768
2015-11-13 11:21:44,1.99738800689731,769
2015-11-13 11:21:54,1.9979934387139,770
2015-11-13 11:22:04,1.99859254114698,771
2015-11-13 11:22:14,1.99918267792885,772
2015-11-13 11:22:24,1.99976488478228,773
2015-11-13 11:22:34,2.00033846406831,774
2015-11-13 11:22:44,2.00090521643734,775
2015-11-13 11:22:54,2.00146434514021,776
2015-11-13 11:23:04,2.00201612329592,777
2015-11-13 11:23:14,2.00255978038757,778
2015-11-13 11:23:24,2.0030969953065,779
2015-11-13 11:23:34,2.00362706637053,780
2015-11-13 11:23:44,2.00414942919041,781
2015-11-13 11:23:54,2.00466633689636,782
2015-11-13 11:24:04,2.00517580917951,783
2015-11-13 11:24:14,2.00567781074785,784
2015-11-13 11:24:24,2.00617413575848,785
2015-11-13 11:24:34,2.00666312742423,786
2015-11-13 11:24:44,2.00714662128579,787
2015-11-13 11:24:54,2.00762404980259,788
2015-11-13 11:25:04,2.0080952758036,789
2015-11-13 11:25:14,2.00856028925808,790
2015-11-13 11:25:24,2.00901931578409,791
2015-11-13 11:25:34,2.00947178380154,792
2015-11-13 11:25:44,2.00991917672638,793
2015-11-13 11:25:54,2.01036036069414,794
2015-11-13 11:26:04,2.0107973076926,795
2015-11-13 11:26:14,2.01122804137718,796
2015-11-13 11:26:24,2.01165331349474,797
2015-11-13 11:26:34,2.01207279592024,798
2015-11-13 11:26:44,2.01248707178498,799
2015-11-13 11:26:54,2.0128968346647,800
2015-11-13 11:27:04,2.01330159353545,801
2015-11-13 11:27:14,2.01370118558176,802
2015-11-13 11:27:24,2.01409535963295,803
2015-11-13 11:27:34,2.01448530303444,804
2015-11-13 11:27:44,2.01486974650139,805
2015-11-13 11:27:54,2.01525067669307,806
2015-11-13 11:28:04,2.01562582377812,807
2015-11-13 11:28:14,2.01599732548365,808
2015-11-13 11:28:24,2.01636381530317,809
2015-11-13 11:28:35,2.01672584029909,810
2015-11-13 11:28:45,2.0170836107802,811
2015-11-13 11:28:55,2.01743711192511,812
2015-11-13 11:29:05,2.01778585864831,813
2015-11-13 11:29:15,2.018130896839,814
2015-11-13 11:29:25,2.01847190967048,815
2015-11-13 11:29:35,2.0188083957062,816
2015-11-13 11:29:45,2.01914202809766,817
2015-11-13 11:29:55,2.01947143529221,818
2015-11-13 11:30:05,2.01979625384122,819
2015-11-13 11:30:15,2.02011818173984,820
2015-11-13 11:30:25,2.02043542887729,821
2015-11-13 11:30:35,2.02074995536126,822
2015-11-13 11:30:45,2.02106029002856,823
2015-11-13 11:30:55,2.02136655572989,824
2015-11-13 11:31:05,2.02166973307085,825
2015-11-13 11:31:15,2.02196890424875,826
2015-11-13 11:31:25,2.02226561774376,827
2015-11-13 11:31:35,2.02255778916909,828
2015-11-13 11:31:45,2.02284672382172,829
2015-11-13 11:31:55,2.02313216254292,830
2015-11-13 11:32:05,2.02341484045212,831
2015-11-13 11:32:15,2.02369374436703,832
2015-11-13 11:32:25,2.02397039134705,833
2015-11-13 11:32:35,2.02424443794806,834
2015-11-13 11:32:45,2.02451592782974,835
2015-11-13 11:32:55,2.02478398825402,836
2015-11-13 11:33:05,2.02504978274387,837
2015-11-13 11:33:15,2.02531218918396,838
2015-11-13 11:33:25,2.02557164362683,839
2015-11-13 11:33:35,2.02582815544028,840
2015-11-13 11:33:45,2.02608169794567,841
2015-11-13 11:33:55,2.02633241150795,842
2015-11-13 11:34:05,2.02658079163636,843
2015-11-13 11:34:15,2.02682644192906,844
2015-11-13 11:34:25,2.0270688793846,845
2015-11-13 11:34:35,2.02730915675791,846
2015-11-13 11:34:45,2.02754686711818,847
2015-11-13 11:34:55,2.02778197747346,848
2015-11-13 11:35:05,2.02801462893641,849
2015-11-13 11:35:15,2.02824466163376,850
2015-11-13 11:35:25,2.02847233263455,851
2015-11-13 11:35:35,2.02869749322158,852
2015-11-13 11:35:45,2.0289203688899,853
2015-11-13 11:35:55,2.02914060378431,854
2015-11-13 11:36:05,2.02935873076332,855
2015-11-13 11:36:15,2.02957469979756,856
2015-11-13 11:36:25,2.02978822170566,857
2015-11-13 11:36:35,2.02999940768178,858
2015-11-13 11:36:45,2.03020903841875,859
2015-11-13 11:36:55,2.03041602789358,860
2015-11-13 11:37:05,2.03062111253258,861
2015-11-13 11:37:15,2.03082410245787,862
2015-11-13 11:37:25,2.03102457321769,863
2015-11-13 11:37:35,2.03122328442765,864
2015-11-13 11:37:45,2.03141968791532,865
2015-11-13 11:37:55,2.03161444898414,866
2015-11-13 11:38:05,2.03180680675834,867
2015-11-13 11:38:15,2.03199806429936,868
2015-11-13 11:38:25,2.03218705749441,869
2015-11-13 11:38:35,2.03237405559806,870
2015-11-13 11:38:45,2.03255906130885,871
2015-11-13 11:38:55,2.03274203883809,872
2015-11-13 11:39:05,2.03292349277102,873
2015-11-13 11:39:15,2.03310313212213,874
2015-11-13 11:39:25,2.03328095678046,875
2015-11-13 11:39:35,2.03345693083435,876
2015-11-13 11:39:45,2.03363145295734,877
2015-11-13 11:39:55,2.03380376863549,878
2015-11-13 11:40:05,2.03397341507848,879
2015-11-13 11:40:15,2.03414149588931,880
2015-11-13 11:40:25,2.03430801456753,881
2015-11-13 11:40:35,2.03447299345397,882
2015-11-13 11:40:45,2.03463638109715,883
2015-11-13 11:40:55,2.03479779687206,884
2015-11-13 11:41:05,2.03495769219703,885
2015-11-13 11:41:15,2.03511651323473,886
2015-11-13 11:41:25,2.03527353020486,887
2015-11-13 11:41:35,2.03542940065961,888
2015-11-13 11:41:45,2.0355838308269,889
2015-11-13 11:41:56,2.03573665094099,890
2015-11-13 11:42:06,2.03588772224129,891
2015-11-13 11:42:16,2.03603787733046,892
2015-11-13 11:42:26,2.03618660594757,893
2015-11-13 11:42:36,2.03633394500516,894
2015-11-13 11:42:46,2.03647986252012,895
2015-11-13 11:42:56,2.03662408585971,896
2015-11-13 11:43:06,2.03676752089058,897
2015-11-13 11:43:16,2.03690937072464,898
2015-11-13 11:43:26,2.03704985036931,899
2015-11-13 11:43:36,2.03718999681314,900
2015-11-13 11:43:46,2.03732918457113,901
2015-11-13 11:43:56,2.03746807171456,902
2015-11-13 11:44:06,2.0376043757086,903
2015-11-13 11:44:16,2.03773910099305,904
2015-11-13 11:44:26,2.03787280155758,905
2015-11-13 11:44:36,2.03800553552469,906
2015-11-13 11:44:46,2.03813679859728,907
2015-11-13 11:44:56,2.03826653479436,908
2015-11-13 11:45:06,2.03839508615599,909
2015-11-13 11:45:16,2.03852257748765,910
2015-11-13 11:45:26,2.03864925774249,911
2015-11-13 11:45:36,2.03877476873178,912
2015-11-13 11:45:46,2.03889910425553,913
2015-11-13 11:45:56,2.03902238789514,914
2015-11-13 11:46:06,2.03914421171955,915
2015-11-13 11:46:16,2.03926503245433,916
2015-11-13 11:46:26,2.0393851137457,917
2015-11-13 11:46:36,2.03950420205895,918
2015-11-13 11:46:46,2.03962223743487,919
2015-11-13 11:46:56,2.03973934097826,920
2015-11-13 11:47:06,2.03985550671744,921
2015-11-13 11:47:16,2.03997060500626,922
2015-11-13 11:47:26,2.04008449638353,923
2015-11-13 11:47:36,2.04019737220868,924
2015-11-13 11:47:46,2.04030947030492,925
2015-11-13 11:47:56,2.0404203511775,926
2015-11-13 11:48:06,2.04053027590041,927
2015-11-13 11:48:16,2.04063904737188,928
2015-11-13 11:48:26,2.0407471581478,929
2015-11-13 11:48:36,2.04085463867928,930
2015-11-13 11:48:46,2.04096118287334,931
2015-11-13 11:48:56,2.04106813981644,932
2015-11-13 11:49:06,2.04117425349987,933
2015-11-13 11:49:16,2.04127925635245,934
2015-11-13 11:49:26,2.04138355466406,935
2015-11-13 11:49:36,2.0414867829543,936
2015-11-13 11:49:46,2.04158951001123,937
2015-11-13 11:49:56,2.0416912309841,938
2015-11-13 11:50:06,2.0417921698099,939
2015-11-13 11:50:16,2.04189210877405,940
2015-11-13 11:50:26,2.04199123596879,941
2015-11-13 11:50:36,2.0420895656242,942
2015-11-13 11:50:46,2.04218684803947,943
2015-11-13 11:50:56,2.04228334763325,944
2015-11-13 11:51:06,2.04237907442784,945
2015-11-13 11:51:16,2.04247421511547,946
2015-11-13 11:51:26,2.04256865772385,947
2015-11-13 11:51:36,2.04266231367184,948
2015-11-13 11:51:46,2.04275515340459,949
2015-11-13 11:51:56,2.04284723821509,950
2015-11-13 11:52:06,2.04293854449431,951
2015-11-13 11:52:16,2.04302918108873,952
2015-11-13 11:52:26,2.04311905927349,953
2015-11-13 11:52:36,2.04320824188499,954
2015-11-13 11:52:46,2.04329657789745,955
2015-11-13 11:52:56,2.04338439071037,956
2015-11-13 11:53:06,2.04347143849057,957
2015-11-13 11:53:16,2.04355787863639,958
2015-11-13 11:53:26,2.04364358887,959
2015-11-13 11:53:36,2.04372858080323,960
2015-11-13 11:53:46,2.04381304620078,961
2015-11-13 11:53:56,2.0438967737864,962
2015-11-13 11:54:06,2.04398002529389,963
2015-11-13 11:54:16,2.04406271180512,964
2015-11-13 11:54:26,2.04414469435511,965
2015-11-13 11:54:36,2.04422582502304,966
2015-11-13 11:54:46,2.04430638764858,967
2015-11-13 11:54:56,2.04438633605002,968
2015-11-13 11:55:06,2.04446581401729,969
2015-11-13 11:55:16,2.04454475387228,970
2015-11-13 11:55:26,2.04462305124094,971
2015-11-13 11:55:36,2.04470090214239,972
2015-11-13 11:55:46,2.04477807380545,973
2015-11-13 11:55:56,2.04485467930547,974
2015-11-13 11:56:06,2.04493061854817,975
2015-11-13 11:56:17,2.0450062195865,976
2015-11-13 11:56:27,2.04508121869221,977
2015-11-13 11:56:37,2.04515566113877,978
2015-11-13 11:56:47,2.04522945218326,979
2015-11-13 11:56:57,2.04530277724416,980
2015-11-13 11:57:07,2.04537539259336,981
2015-11-13 11:57:17,2.04544758770048,982
2015-11-13 11:57:27,2.04551923538687,983
2015-11-13 11:57:37,2.04559062750408,984
2015-11-13 11:57:47,2.04566147095641,985
2015-11-13 11:57:57,2.04573163815944,986
2015-11-13 11:58:07,2.0458013573589,987
2015-11-13 11:58:17,2.04587075942403,988
2015-11-13 11:58:27,2.04593951125583,989
2015-11-13 11:58:37,2.04600779600191,990
2015-11-13 11:58:47,2.04607548103908,991
2015-11-13 11:58:57,2.04614272674007,992
2015-11-13 11:59:07,2.04620943283057,993
2015-11-13 11:59:17,2.04627592719011,994
2015-11-13 11:59:27,2.0463418734516,995
2015-11-13 11:59:37,2.04640706470914,996
2015-11-13 11:59:47,2.04647192036614,997
2015-11-13 11:59:57,2.04653627956166,998
2015-11-13 12:00:07,2.04660012217264,999
2015-11-13 12:00:17,2.04666377357792,1000
2015-11-13 12:00:27,2.04672702789059,1001
2015-11-13 12:00:37,2.04678998017908,1002
2015-11-13 12:00:47,2.04685260571823,1003
2015-11-13 12:00:57,2.04691473306648,1004
2015-11-13 12:01:07,2.04697661247148,1005
2015-11-13 12:01:17,2.04703777608795,1006
2015-11-13 12:01:27,2.04709855426167,1007
2015-11-13 12:01:37,2.04715904895119,1008
2015-11-13 12:01:47,2.04721899396814,1009
2015-11-13 12:01:57,2.04727875076568,1010
2015-11-13 12:02:07,2.04733801214849,1011
2015-11-13 12:02:17,2.04739688066324,1012
2015-11-13 12:02:27,2.04745539639211,1013
2015-11-13 12:02:37,2.04751353724356,1014
2015-11-13 12:02:47,2.04757133246384,1015
2015-11-13 12:02:57,2.04762877943685,1016
2015-11-13 12:03:07,2.04768570423927,1017
2015-11-13 12:03:13,2.04772187919388,1018
2015-11-13 12:03:24,2.04772187919388,1019
2015-11-13 12:03:34,2.04772187919388,1020
2015-11-13 12:03:44,2.04772187919388,1021
2015-11-13 12:03:54,2.04772187919388,1022
2015-11-13 12:04:04,2.04772187919388,1023
2015-11-13 12:04:14,2.04772187919388,1024
2015-11-13 12:04:24,2.04772187919388,1025
2015-11-13 12:04:34,2.04772187919388,1026
2015-11-13 12:04:44,2.04772187919388,1027
2015-11-13 12:04:54,2.04772187919388,1028
2015-11-13 12:05:04,2.04772187919388,1029
2015-11-13 12:05:14,2.04772187919388,1030
2015-11-13 12:05:24,2.04772187919388,1031
2015-11-13 12:05:34,2.04772187919388,1032
2015-11-13 12:05:44,2.04772187919388,1033
2015-11-13 12:05:54,2.04772187919388,1034
2015-11-13 12:06:04,2.04772187919388,1035
2015-11-13 12:06:14,2.04772187919388,1036
2015-11-13 12:06:24,2.04772187919388,1037
2015-11-13 12:06:34,2.04772187919388,1038
2015-11-13 12:06:44,2.04772187919388,1039
2015-11-13 12:06:54,2.04772187919388,1040
2015-11-13 12:07:04,2.04772187919388,1041
2015-11-13 12:07:14,2.04772187919388,1042
2015-11-13 12:07:24,2.04772187919388,1043
2015-11-13 12:07:34,2.04772187919388,1044
2015-11-13 12:07:44,2.04772187919388,1045
2015-11-13 12:07:54,2.04772187919388,1046
2015-11-13 12:08:04,2.04772187919388,1047
2015-11-13 12:08:14,2.04772187919388,1048
2015-11-13 12:08:24,2.04772187919388,1049
2015-11-13 12:08:34,2.04772187919388,1050
2015-11-13 12:08:44,2.04772187919388,1051
2015-11-13 12:08:54,2.04772187919388,1052
2015-11-13 12:09:04,2.04772187919388,1053
2015-11-13 12:09:14,2.04772187919388,1054
2015-11-13 12:09:24,2.04772187919388,1055
2015-11-13 12:09:34,2.04772187919388,1056
2015-11-13 12:09:44,2.04772187919388,1057
2015-11-13 12:09:54,2.04772187919388,1058
2015-11-13 12:10:04,2.04772187919388,1059
2015-11-13 12:10:14,2.04772187919388,1060
2015-11-13 12:10:24,2.04772187919388,1061
2015-11-13 12:10:34,2.04772187919388,1062
2015-11-13 12:10:44,2.04772187919388,1063
2015-11-13 12:10:54,2.04772187919388,1064
2015-11-13 12:11:04,2.04772187919388,1065
2015-11-13 12:11:14,2.04772187919388,1066
2015-11-13 12:11:24,2.04772187919388,1067
2015-11-13 12:11:34,2.04772187919388,1068
2015-11-13 12:11:44,2.04772187919388,1069
2015-11-13 12:11:54,2.04772187919388,1070
2015-11-13 12:12:04,2.04772187919388,1071
2015-11-13 12:12:14,2.04772187919388,1072
2015-11-13 12:12:24,2.04772187919388,1073
2015-11-13 12:12:34,2.04772187919388,1074
2015-11-13 12:12:44,2.04772187919388,1075
2015-11-13 12:12:54,2.04772187919388,1076
2015-11-13 12:13:04,2.04772187919388,1077
2015-11-13 12:13:14,2.04772187919388,1078
2015-11-13 12:13:24,2.04772187919388,1079
2015-11-13 12:13:34,2.04772187919388,1080
2015-11-13 12:13:44,2.04772187919388,1081
2015-11-13 12:13:54,2.04772187919388,1082
2015-11-13 12:14:04,2.04772187919388,1083
2015-11-13 12:14:14,2.04772187919388,1084
2015-11-13 12:14:24,2.04772187919388,1085
2015-11-13 12:14:34,2.04772187919388,1086
2015-11-13 12:14:44,2.04772187919388,1087
2015-11-13 12:14:54,2.04772187919388,1088
2015-11-13 12:15:04,2.04772187919388,1089
2015-11-13 12:15:14,2.04772187919388,1090
2015-11-13 12:15:24,2.04772187919388,1091
2015-11-13 12:15:34,2.04772187919388,1092
2015-11-13 12:15:44,2.04772187919388,1093
2015-11-13 12:15:54,2.04772187919388,1094
2015-11-13 12:16:04,2.04772187919388,1095
2015-11-13 12:16:14,2.04772187919388,1096
2015-11-13 12:16:24,2.04772187919388,1097
2015-11-13 12:16:34,2.04772187919388,1098
2015-11-13 12:16:44,2.04772187919388,1099
2015-11-13 12:16:54,2.04772187919388,1100
2015-11-13 12:17:04,2.04772187919388,1101
2015-11-13 12:17:14,2.04772187919388,1102
2015-11-13 12:17:24,2.04772187919388,1103
2015-11-13 12:17:34,2.04772187919388,1104
2015-11-13 12:17:44,2.04772187919388,1105
2015-11-13 12:17:54,2.04772187919388,1106
2015-11-13 12:18:04,2.04772187919388,1107
2015-11-13 12:18:14,2.04772187919388,1108
2015-11-13 12:18:24,2.04772187919388,1109
2015-11-13 12:18:34,2.04772187919388,1110
2015-11-13 12:18:44,2.04772187919388,1111
2015-11-13 12:18:54,2.04772187919388,1112
2015-11-13 12:19:04,2.04772187919388,1113
2015-11-13 12:19:14,2.04772187919388,1114
2015-11-13 12:19:24,2.04772187919388,1115
2015-11-13 12:19:34,2.04772187919388,1116
2015-11-13 12:19:44,2.04772187919388,1117
2015-11-13 12:19:54,2.04772187919388,1118
2015-11-13 12:20:04,2.04772187919388,1119
2015-11-13 12:20:14,2.04772187919388,1120
2015-11-13 12:20:24,2.04772187919388,1121
2015-11-13 12:20:34,2.04772187919388,1122
2015-11-13 12:20:44,2.04772187919388,1123
2015-11-13 12:20:54,2.04772187919388,1124
2015-11-13 12:21:04,2.04772187919388,1125
2015-11-13 12:21:14,2.04772187919388,1126
2015-11-13 12:21:24,2.04772187919388,1127
2015-11-13 12:21:34,2.04772187919388,1128
2015-11-13 12:21:44,2.04772187919388,1129
2015-11-13 12:21:54,2.04772187919388,1130
2015-11-13 12:22:04,2.04772187919388,1131
2015-11-13 12:22:14,2.04772187919388,1132
2015-11-13 12:22:24,2.04772187919388,1133
2015-11-13 12:22:34,2.04772187919388,1134
2015-11-13 12:22:44,2.04772187919388,1135
2015-11-13 12:22:54,2.04772187919388,1136
2015-11-13 12:23:04,2.04772187919388,1137
2015-11-13 12:23:14,2.04772187919388,1138
2015-11-13 12:23:24,2.04772187919388,1139
2015-11-13 12:23:34,2.04772187919388,1140
2015-11-13 12:23:44,2.04772187919388,1141
2015-11-13 12:23:54,2.04772187919388,1142
2015-11-13 12:24:04,2.04772187919388,1143
2015-11-13 12:24:14,2.04772187919388,1144
2015-11-13 12:24:25,2.04772187919388,1145
2015-11-13 12:24:35,2.04772187919388,1146
2015-11-13 12:24:45,2.04772187919388,1147
2015-11-13 12:24:55,2.04772187919388,1148
2015-11-13 12:25:05,2.04772187919388,1149
2015-11-13 12:25:15,2.04772187919388,1150
2015-11-13 12:25:25,2.04772187919388,1151
2015-11-13 12:25:35,2.04772187919388,1152
2015-11-13 12:25:45,2.04772187919388,1153
2015-11-13 12:25:55,2.04772187919388,1154
2015-11-13 12:26:05,2.04772187919388,1155
2015-11-13 12:26:15,2.04772187919388,1156
2015-11-13 12:26:25,2.04772187919388,1157
2015-11-13 12:26:35,2.04772187919388,1158
2015-11-13 12:26:45,2.04772187919388,1159
2015-11-13 12:26:55,2.04772187919388,1160
2015-11-13 12:27:05,2.04772187919388,1161
2015-11-13 12:27:15,2.04772187919388,1162
2015-11-13 12:27:25,2.04772187919388,1163
2015-11-13 12:27:35,2.04772187919388,1164
2015-11-13 12:27:45,2.04772187919388,1165
2015-11-13 12:27:55,2.04772187919388,1166
2015-11-13 12:28:05,2.04772187919388,1167
2015-11-13 12:28:15,2.04772187919388,1168
2015-11-13 12:28:25,2.04772187919388,1169
2015-11-13 12:28:35,2.04772187919388,1170
2015-11-13 12:28:45,2.04772187919388,1171
2015-11-13 12:28:55,2.04772187919388,1172
2015-11-13 12:29:05,2.04772187919388,1173
2015-11-13 12:29:15,2.04772187919388,1174
2015-11-13 12:29:25,2.04772187919388,1175
2015-11-13 12:29:35,2.04772187919388,1176
2015-11-13 12:29:45,2.04772187919388,1177
2015-11-13 12:29:55,2.04772187919388,1178
2015-11-13 12:30:05,2.04772187919388,1179
2015-11-13 12:30:15,2.04772187919388,1180
2015-11-13 12:30:25,2.04772187919388,1181
2015-11-13 12:30:35,2.04772187919388,1182
2015-11-13 12:30:45,2.04772187919388,1183
2015-11-13 12:30:55,2.04772187919388,1184
2015-11-13 12:31:05,2.04772187919388,1185
2015-11-13 12:31:15,2.04772187919388,1186
2015-11-13 12:31:25,2.04772187919388,1187
2015-11-13 12:31:35,2.04772187919388,1188
2015-11-13 12:31:45,2.04772187919388,1189
2015-11-13 12:31:55,2.04772187919388,1190
2015-11-13 12:32:05,2.04772187919388,1191
2015-11-13 12:32:15,2.04772187919388,1192
2015-11-13 12:32:25,2.04772187919388,1193
2015-11-13 12:32:35,2.04772187919388,1194
2015-11-13 12:32:45,2.04772187919388,1195
2015-11-13 12:32:55,2.04772187919388,1196
2015-11-13 12:33:05,2.04772187919388,1197
2015-11-13 12:33:15,2.04772187919388,1198
2015-11-13 12:33:25,2.04772187919388,1199
2015-11-13 12:33:35,2.04772187919388,1200
2015-11-13 12:33:45,2.04772187919388,1201
2015-11-13 12:33:55,2.04772187919388,1202
2015-11-13 12:34:05,2.04772187919388,1203
2015-11-13 12:34:15,2.04772187919388,1204
2015-11-13 12:34:25,2.04772187919388,1205
2015-11-13 12:34:35,2.04772187919388,1206
2015-11-13 12:34:45,2.04772187919388,1207
2015-11-13 12:34:55,2.04772187919388,1208
2015-11-13 12:35:05,2.04772187919388,1209
2015-11-13 12:35:15,2.04772187919388,1210
2015-11-13 12:35:25,2.04772187919388,1211
2015-11-13 12:35:35,2.04772187919388,1212
2015-11-13 12:35:45,2.04772187919388,1213
2015-11-13 12:35:55,2.04772187919388,1214
2015-11-13 12:36:05,2.04772187919388,1215
2015-11-13 12:36:15,2.04772187919388,1216
2015-11-13 12:36:25,2.04772187919388,1217
2015-11-13 12:36:35,2.04772187919388,1218
2015-11-13 12:36:45,2.04772187919388,1219
2015-11-13 12:36:55,2.04772187919388,1220
2015-11-13 12:37:05,2.04772187919388,1221
2015-11-13 12:37:15,2.04772187919388,1222
2015-11-13 12:37:25,2.04772187919388,1223
2015-11-13 12:37:35,2.04772187919388,1224
2015-11-13 12:37:45,2.04772187919388,1225
2015-11-13 12:37:56,2.04772187919388,1226
2015-11-13 12:38:06,2.04772187919388,1227
2015-11-13 12:38:16,2.04772187919388,1228
2015-11-13 12:38:26,2.04772187919388,1229
2015-11-13 12:38:36,2.04772187919388,1230
2015-11-13 12:38:46,2.04772187919388,1231
2015-11-13 12:38:56,2.04772187919388,1232
2015-11-13 12:39:06,2.04772187919388,1233
2015-11-13 12:39:16,2.04772187919388,1234
2015-11-13 12:39:26,2.04772187919388,1235
2015-11-13 12:39:36,2.04772187919388,1236
2015-11-13 12:39:46,2.04772187919388,1237
2015-11-13 12:39:56,2.04772187919388,1238
2015-11-13 12:40:06,2.04772187919388,1239
2015-11-13 12:40:16,2.04772187919388,1240
2015-11-13 12:40:26,2.04772187919388,1241
2015-11-13 12:40:36,2.04772187919388,1242
2015-11-13 12:40:46,2.04772187919388,1243
2015-11-13 12:40:56,2.04772187919388,1244
2015-11-13 12:41:06,2.04772187919388,1245
2015-11-13 12:41:16,2.04772187919388,1246
2015-11-13 12:41:26,2.04772187919388,1247
2015-11-13 12:41:36,2.04772187919388,1248
2015-11-13 12:41:46,2.04772187919388,1249
2015-11-13 12:41:56,2.04772187919388,1250
2015-11-13 12:42:06,2.04772187919388,1251
2015-11-13 12:42:16,2.04772187919388,1252
2015-11-13 12:42:26,2.04772187919388,1253
2015-11-13 12:42:36,2.04772187919388,1254
2015-11-13 12:42:46,2.04772187919388,1255
2015-11-13 12:42:56,2.04772187919388,1256
2015-11-13 12:43:06,2.04772187919388,1257
2015-11-13 12:43:16,2.04772187919388,1258
2015-11-13 12:43:26,2.04772187919388,1259
2015-11-13 12:43:36,2.04772187919388,1260
2015-11-13 12:43:46,2.04772187919388,1261
2015-11-13 12:43:56,2.04772187919388,1262
2015-11-13 12:44:06,2.04772187919388,1263
2015-11-13 12:44:16,2.04772187919388,1264
2015-11-13 12:44:26,2.04772187919388,1265
2015-11-13 12:44:36,2.04772187919388,1266
2015-11-13 12:44:46,2.04772187919388,1267
2015-11-13 12:44:56,2.04772187919388,1268
2015-11-13 12:45:06,2.04772187919388,1269
2015-11-13 12:45:16,2.04772187919388,1270
2015-11-13 12:45:26,2.04772187919388,1271
2015-11-13 12:45:36,2.04772187919388,1272
2015-11-13 12:45:46,2.04772187919388,1273
2015-11-13 12:45:56,2.04772187919388,1274
2015-11-13 12:46:06,2.04772187919388,1275
2015-11-13 12:46:16,2.04772187919388,1276
2015-11-13 12:46:26,2.04772187919388,1277
2015-11-13 12:46:36,2.04772187919388,1278
2015-11-13 12:46:46,2.04772187919388,1279
2015-11-13 12:46:56,2.04772187919388,1280
2015-11-13 12:47:06,2.04772187919388,1281
2015-11-13 12:47:16,2.04772187919388,1282
2015-11-13 12:47:26,2.04772187919388,1283
2015-11-13 12:47:36,2.04772187919388,1284
2015-11-13 12:47:46,2.04772187919388,1285
2015-11-13 12:47:56,2.04772187919388,1286
2015-11-13 12:48:06,2.04772187919388,1287
2015-11-13 12:48:16,2.04772187919388,1288
2015-11-13 12:48:26,2.04772187919388,1289
2015-11-13 12:48:36,2.04772187919388,1290
2015-11-13 12:48:46,2.04772187919388,1291
2015-11-13 12:48:56,2.04772187919388,1292
2015-11-13 12:49:06,2.04772187919388,1293
2015-11-13 12:49:16,2.04772187919388,1294
2015-11-13 12:49:26,2.04772187919388,1295
2015-11-13 12:49:36,2.04772187919388,1296
2015-11-13 12:49:46,2.04772187919388,1297
2015-11-13 12:49:56,2.04772187919388,1298
2015-11-13 12:50:06,2.04772187919388,1299
2015-11-13 12:50:16,2.04772187919388,1300
2015-11-13 12:50:27,2.04772187919388,1301
2015-11-13 12:50:37,2.04772187919388,1302
2015-11-13 12:50:47,2.04772187919388,1303
2015-11-13 12:50:57,2.04772187919388,1304
2015-11-13 12:51:07,2.04772187919388,1305
2015-11-13 12:51:17,2.04772187919388,1306
2015-11-13 12:51:27,2.04772187919388,1307
2015-11-13 12:51:37,2.04772187919388,1308
2015-11-13 12:51:47,2.04772187919388,1309
2015-11-13 12:51:57,2.04772187919388,1310
2015-11-13 12:52:07,2.04772187919388,1311
2015-11-13 12:52:17,2.04772187919388,1312
2015-11-13 12:52:27,2.04772187919388,1313
2015-11-13 12:52:37,2.04772187919388,1314
2015-11-13 12:52:47,2.04772187919388,1315
2015-11-13 12:52:57,2.04772187919388,1316
2015-11-13 12:53:07,2.04772187919388,1317
2015-11-13 12:53:17,2.04772187919388,1318
2015-11-13 12:53:27,2.04772187919388,1319
2015-11-13 12:53:37,2.04772187919388,1320
2015-11-13 12:53:47,2.04772187919388,1321
2015-11-13 12:53:57,2.04772187919388,1322
2015-11-13 12:54:07,2.04772187919388,1323
2015-11-13 12:54:17,2.04772187919388,1324
2015-11-13 12:54:27,2.04772187919388,1325
2015-11-13 12:54:37,2.04772187919388,1326
2015-11-13 12:54:47,2.04772187919388,1327
2015-11-13 12:54:57,2.04772187919388,1328
2015-11-13 12:55:07,2.04772187919388,1329
2015-11-13 12:55:17,2.04772187919388,1330
2015-11-13 12:55:27,2.04772187919388,1331
2015-11-13 12:55:37,2.04772187919388,1332
2015-11-13 12:55:47,2.04772187919388,1333
2015-11-13 12:55:57,2.04772187919388,1334
2015-11-13 12:56:07,2.04772187919388,1335
2015-11-13 12:56:17,2.04772187919388,1336
2015-11-13 12:56:27,2.04772187919388,1337
2015-11-13 12:56:37,2.04772187919388,1338
2015-11-13 12:56:47,2.04772187919388,1339
2015-11-13 12:56:57,2.04772187919388,1340
2015-11-13 12:57:07,2.04772187919388,1341
2015-11-13 12:57:17,2.04772187919388,1342
2015-11-13 12:57:27,2.04772187919388,1343
2015-11-13 12:57:37,2.04772187919388,1344
2015-11-13 12:57:47,2.04772187919388,1345
2015-11-13 12:57:57,2.04772187919388,1346
2015-11-13 12:58:07,2.04772187919388,1347
2015-11-13 12:58:17,2.04772187919388,1348
2015-11-13 12:58:27,2.04772187919388,1349
2015-11-13 12:58:37,2.04772187919388,1350
2015-11-13 12:58:47,2.04772187919388,1351
2015-11-13 12:58:57,2.04772187919388,1352
2015-11-13 12:59:07,2.04772187919388,1353
2015-11-13 12:59:17,2.04772187919388,1354
2015-11-13 12:59:27,2.04772187919388,1355
2015-11-13 12:59:37,2.04772187919388,1356
2015-11-13 12:59:47,2.04772187919388,1357
2015-11-13 12:59:57,2.04772187919388,1358
2015-11-13 13:00:07,2.04772187919388,1359
2015-11-13 13:00:17,2.04772187919388,1360
2015-11-13 13:00:27,2.04772187919388,1361
2015-11-13 13:00:37,2.04772187919388,1362
2015-11-13 13:00:47,2.04772187919388,1363
2015-11-13 13:00:57,2.04772187919388,1364
2015-11-13 13:01:07,2.04772187919388,1365
2015-11-13 13:01:17,2.04772187919388,1366
2015-11-13 13:01:27,2.04772187919388,1367
2015-11-13 13:01:37,2.04772187919388,1368
2015-11-13 13:01:47,2.04772187919388,1369
2015-11-13 13:01:57,2.04772187919388,1370
2015-11-13 13:02:07,2.04772187919388,1371
2015-11-13 13:02:17,2.04772187919388,1372
2015-11-13 13:02:27,2.04772187919388,1373
2015-11-13 13:02:37,2.04772187919388,1374
2015-11-13 13:02:47,2.04772187919388,1375
2015-11-13 13:02:57,2.04772187919388,1376
2015-11-13 13:03:07,2.04772187919388,1377
2015-11-13 13:03:18,2.04772187919388,1378
2015-11-13 13:03:28,2.04772187919388,1379
2015-11-13 13:03:38,2.04772187919388,1380
2015-11-13 13:03:48,2.04772187919388,1381
2015-11-13 13:03:58,2.04772187919388,1382
2015-11-13 13:04:08,2.04772187919388,1383
2015-11-13 13:04:18,2.04772187919388,1384
2015-11-13 13:04:28,2.04772187919388,1385
2015-11-13 13:04:38,2.04772187919388,1386
2015-11-13 13:04:48,2.04772187919388,1387
2015-11-13 13:04:58,2.04772187919388,1388
2015-11-13 13:05:08,2.04772187919388,1389
2015-11-13 13:05:18,2.04772187919388,1390
2015-11-13 13:05:28,2.04772187919388,1391
2015-11-13 13:05:38,2.04772187919388,1392
2015-11-13 13:05:48,2.04772187919388,1393
2015-11-13 13:05:58,2.04772187919388,1394
2015-11-13 13:06:08,2.04772187919388,1395
2015-11-13 13:06:18,2.04772187919388,1396
2015-11-13 13:06:28,2.04772187919388,1397
2015-11-13 13:06:38,2.04772187919388,1398
2015-11-13 13:06:48,2.04772187919388,1399
2015-11-13 13:06:58,2.04772187919388,1400
2015-11-13 13:07:08,2.04772187919388,1401
2015-11-13 13:07:18,2.04772187919388,1402
2015-11-13 13:07:28,2.04772187919388,1403
2015-11-13 13:07:38,2.04772187919388,1404
2015-11-13 13:07:48,2.04772187919388,1405
2015-11-13 13:07:58,2.04772187919388,1406
2015-11-13 13:08:08,2.04772187919388,1407
2015-11-13 13:08:18,2.04772187919388,1408
2015-11-13 13:08:28,2.04772187919388,1409
2015-11-13 13:08:38,2.04772187919388,1410
2015-11-13 13:08:48,2.04772187919388,1411
2015-11-13 13:08:58,2.04772187919388,1412
2015-11-13 13:09:08,2.04772187919388,1413
2015-11-13 13:09:18,2.04772187919388,1414
2015-11-13 13:09:28,2.04772187919388,1415
2015-11-13 13:09:38,2.04772187919388,1416
2015-11-13 13:09:48,2.04772187919388,1417
2015-11-13 13:09:58,2.04772187919388,1418
2015-11-13 13:10:08,2.04772187919388,1419
2015-11-13 13:10:18,2.04772187919388,1420
2015-11-13 13:10:28,2.04772187919388,1421
2015-11-13 13:10:38,2.04772187919388,1422
2015-11-13 13:10:48,2.04772187919388,1423
2015-11-13 13:10:58,2.04772187919388,1424
2015-11-13 13:11:08,2.04772187919388,1425
2015-11-13 13:11:18,2.04772187919388,1426
2015-11-13 13:11:28,2.04772187919388,1427
2015-11-13 13:11:38,2.04772187919388,1428
2015-11-13 13:11:48,2.04772187919388,1429
2015-11-13 13:11:58,2.04772187919388,1430
2015-11-13 13:12:08,2.04772187919388,1431
2015-11-13 13:12:18,2.04772187919388,1432
2015-11-13 13:12:28,2.04772187919388,1433
2015-11-13 13:12:38,2.04772187919388,1434
2015-11-13 13:12:48,2.04772187919388,1435
2015-11-13 13:12:58,2.04772187919388,1436
2015-11-13 13:13:08,2.04772187919388,1437
2015-11-13 13:13:14,2.04772187919388,1438
2015-11-13 13:13:15,2.04772187919388,1439
2015-11-13 13:13:16,2.04772187919388,1440
2015-11-13 13:13:17,2.04772187919388,1441
2015-11-13 13:13:18,2.04772187919388,1442
2015-11-13 13:13:19,2.04772187919388,1443
2015-11-13 13:13:20,2.04772187919388,1444
2015-11-13 13:13:21,2.04772187919388,1445
2015-11-13 13:13:22,2.04772187919388,1446
2015-11-13 13:13:23,2.04772187919388,1447
2015-11-13 13:13:24,2.04772187919388,1448
2015-11-13 13:13:25,2.04772187919388,1449
2015-11-13 13:13:26,2.04772187919388,1450
2015-11-13 13:13:27,2.04772187919388,1451
2015-11-13 13:13:28,2.04772187919388,1452
2015-11-13 13:13:29,2.04772187919388,1453
2015-11-13 13:13:30,2.04772187919388,1454
2015-11-13 13:13:31,2.04772187919388,1455
2015-11-13 13:13:32,2.04772187919388,1456
2015-11-13 13:13:33,2.04772187919388,1457
2015-11-13 13:13:34,2.04772187919388,1458
2015-11-13 13:13:35,2.04772187919388,1459
2015-11-13 13:13:36,2.04772187919388,1460
2015-11-13 13:13:37,2.04772187919388,1461
2015-11-13 13:13:38,2.04772187919388,1462
2015-11-13 13:13:39,2.04772187919388,1463
2015-11-13 13:13:40,2.04772187919388,1464
2015-11-13 13:13:41,2.04772187919388,1465
2015-11-13 13:13:42,2.04772187919388,1466
2015-11-13 13:13:43,2.04772187919388,1467
2015-11-13 13:13:44,2.04772187919388,1468
2015-11-13 13:13:45,2.04772187919388,1469
2015-11-13 13:13:46,2.04772187919388,1470
2015-11-13 13:13:47,2.04772187919388,1471
2015-11-13 13:13:48,2.04772187919388,1472
2015-11-13 13:13:49,2.04772187919388,1473
2015-11-13 13:13:50,2.04772187919388,1474
2015-11-13 13:13:51,2.04772187919388,1475
2015-11-13 13:13:52,2.04772187919388,1476
2015-11-13 13:13:53,2.04772187919388,1477
2015-11-13 13:13:54,2.04772187919388,1478
2015-11-13 13:13:55,2.04772187919388,1479
2015-11-13 13:13:56,2.04772187919388,1480
2015-11-13 13:13:57,2.04772187919388,1481
2015-11-13 13:13:58,2.04772187919388,1482
2015-11-13 13:13:59,2.04772187919388,1483
2015-11-13 13:14:00,2.04772187919388,1484
2015-11-13 13:14:01,2.04772187919388,1485
2015-11-13 13:14:02,2.04772187919388,1486
2015-11-13 13:14:04,2.04772187919388,1487
2015-11-13 13:14:05,2.04772187919388,1488
2015-11-13 13:14:06,2.04772187919388,1489
2015-11-13 13:14:07,2.04772187919388,1490
2015-11-13 13:14:08,2.04772187919388,1491
2015-11-13 13:14:09,2.04772187919388,1492
2015-11-13 13:14:10,2.04772187919388,1493
2015-11-13 13:14:11,2.04772187919388,1494
2015-11-13 13:14:12,2.04772187919388,1495
2015-11-13 13:14:13,2.04772187919388,1496
2015-11-13 13:14:14,2.04772187919388,1497
2015-11-13 13:14:15,2.04772187919388,1498
2015-11-13 13:14:16,2.04772187919388,1499
2015-11-13 13:14:17,2.04772187919388,1500
2015-11-13 13:14:18,2.04772187919388,1501
2015-11-13 13:14:19,2.04772187919388,1502
2015-11-13 13:14:20,2.04772187919388,1503
2015-11-13 13:14:21,2.04772187919388,1504
2015-11-13 13:14:22,2.04772187919388,1505
2015-11-13 13:14:23,2.04772187919388,1506
2015-11-13 13:14:24,2.04772187919388,1507
2015-11-13 13:14:25,2.04772187919388,1508
2015-11-13 13:14:26,2.04772187919388,1509
2015-11-13 13:14:27,2.04772187919388,1510
2015-11-13 13:14:28,2.04772187919388,1511
2015-11-13 13:14:29,2.04772187919388,1512
2015-11-13 13:14:30,2.04772187919388,1513
2015-11-13 13:14:31,2.04772187919388,1514
2015-11-13 13:14:32,2.04772187919388,1515
2015-11-13 13:14:33,2.04772187919388,1516
2015-11-13 13:14:34,2.04772187919388,1517
2015-11-13 13:14:35,2.04772187919388,1518
2015-11-13 13:14:36,2.04772187919388,1519
2015-11-13 13:14:37,2.04772187919388,1520
2015-11-13 13:14:38,2.04772187919388,1521
2015-11-13 13:14:39,2.04772187919388,1522
2015-11-13 13:14:40,2.04772187919388,1523
2015-11-13 13:14:41,2.04772187919388,1524
2015-11-13 13:14:42,2.04772187919388,1525
2015-11-13 13:14:43,2.04772187919388,1526
2015-11-13 13:14:44,2.04772187919388,1527
2015-11-13 13:14:45,2.04772187919388,1528
2015-11-13 13:14:46,2.04772187919388,1529
2015-11-13 13:14:47,2.04772187919388,1530
2015-11-13 13:14:48,2.04772187919388,1531
2015-11-13 13:14:49,2.04772187919388,1532
2015-11-13 13:14:50,2.04772187919388,1533
2015-11-13 13:14:51,2.04772187919388,1534
2015-11-13 13:14:52,2.04772187919388,1535
2015-11-13 13:14:53,2.04772187919388,1536
2015-11-13 13:14:54,2.04772187919388,1537
2015-11-13 13:14:55,2.04772187919388,1538
2015-11-13 13:14:56,2.04772187919388,1539
2015-11-13 13:14:57,2.04772187919388,1540
2015-11-13 13:14:58,2.04772187919388,1541
2015-11-13 13:14:59,2.04772187919388,1542
2015-11-13 13:15:00,2.04772187919388,1543
2015-11-13 13:15:01,2.04772187919388,1544
2015-11-13 13:15:02,2.04772187919388,1545
2015-11-13 13:15:03,2.04772187919388,1546
2015-11-13 13:15:04,2.04772187919388,1547
2015-11-13 13:15:05,2.04772187919388,1548
2015-11-13 13:15:06,2.04772187919388,1549
2015-11-13 13:15:07,2.04772187919388,1550
2015-11-13 13:15:08,2.04772187919388,1551
2015-11-13 13:15:09,2.04772187919388,1552
2015-11-13 13:15:10,2.04772187919388,1553
2015-11-13 13:15:11,2.04772187919388,1554
2015-11-13 13:15:12,2.04772187919388,1555
2015-11-13 13:15:13,2.04772187919388,1556
2015-11-13 13:15:14,2.04772187919388,1557
2015-11-13 13:15:15,2.04772187919388,1558
2015-11-13 13:15:16,2.04772187919388,1559
2015-11-13 13:15:17,2.04772187919388,1560
2015-11-13 13:15:18,2.04772187919388,1561
2015-11-13 13:15:19,2.04772187919388,1562
2015-11-13 13:15:20,2.04772187919388,1563
2015-11-13 13:15:21,2.04772187919388,1564
2015-11-13 13:15:22,2.04772187919388,1565
2015-11-13 13:15:23,2.04772187919388,1566
2015-11-13 13:15:24,2.04772187919388,1567
2015-11-13 13:15:25,2.04772187919388,1568
2015-11-13 13:15:26,2.04772187919388,1569
2015-11-13 13:15:27,2.04772187919388,1570
2015-11-13 13:15:28,2.04772187919388,1571
2015-11-13 13:15:29,2.04772187919388,1572
2015-11-13 13:15:30,2.04772187919388,1573
2015-11-13 13:15:31,2.04772187919388,1574
2015-11-13 13:15:32,2.04772187919388,1575
2015-11-13 13:15:34,2.04772187919388,1576
2015-11-13 13:15:35,2.04772187919388,1577
2015-11-13 13:15:36,2.04772187919388,1578
2015-11-13 13:15:37,2.04772187919388,1579
2015-11-13 13:15:38,2.04772187919388,1580
2015-11-13 13:15:39,2.04772187919388,1581
2015-11-13 13:15:40,2.04772187919388,1582
2015-11-13 13:15:41,2.04772187919388,1583
2015-11-13 13:15:42,2.04772187919388,1584
2015-11-13 13:15:43,2.04772187919388,1585
2015-11-13 13:15:44,2.04772187919388,1586
2015-11-13 13:15:45,2.04772187919388,1587
2015-11-13 13:15:46,2.04772187919388,1588
2015-11-13 13:15:47,2.04772187919388,1589
2015-11-13 13:15:48,2.04772187919388,1590
2015-11-13 13:15:49,2.04772187919388,1591
2015-11-13 13:15:50,2.04772187919388,1592
2015-11-13 13:15:51,2.04772187919388,1593
2015-11-13 13:15:52,2.04772187919388,1594
2015-11-13 13:15:53,2.04772187919388,1595
2015-11-13 13:15:54,2.04772187919388,1596
2015-11-13 13:15:55,2.04772187919388,1597
2015-11-13 13:15:56,2.04772187919388,1598
2015-11-13 13:15:57,2.04772187919388,1599
2015-11-13 13:15:58,2.04772187919388,1600
2015-11-13 13:15:59,2.04772187919388,1601
2015-11-13 13:16:00,2.04772187919388,1602
2015-11-13 13:16:01,2.04772187919388,1603
2015-11-13 13:16:02,2.04772187919388,1604
2015-11-13 13:16:03,2.04772187919388,1605
2015-11-13 13:16:04,2.04772187919388,1606
2015-11-13 13:16:05,2.04772187919388,1607
2015-11-13 13:16:06,2.04772187919388,1608
2015-11-13 13:16:07,2.04772187919388,1609
2015-11-13 13:16:08,2.04772187919388,1610
2015-11-13 13:16:09,2.04772187919388,1611
2015-11-13 13:16:10,2.04772187919388,1612
2015-11-13 13:16:11,2.04772187919388,1613
2015-11-13 13:16:12,2.04772187919388,1614
2015-11-13 13:16:13,2.04772187919388,1615
2015-11-13 13:16:14,2.04772187919388,1616
2015-11-13 13:16:15,2.04772187919388,1617
2015-11-13 13:16:16,2.04772187919388,1618
2015-11-13 13:16:17,2.04772187919388,1619
2015-11-13 13:16:18,2.04772187919388,1620
2015-11-13 13:16:19,2.04772187919388,1621
2015-11-13 13:16:20,2.04772187919388,1622
2015-11-13 13:16:21,2.04772187919388,1623
2015-11-13 13:16:22,2.04772187919388,1624
2015-11-13 13:16:23,2.04772187919388,1625
2015-11-13 13:16:24,2.04772187919388,1626
2015-11-13 13:16:25,2.04772187919388,1627
2015-11-13 13:16:26,2.04772187919388,1628
2015-11-13 13:16:27,2.04772187919388,1629
2015-11-13 13:16:28,2.04772187919388,1630
2015-11-13 13:16:29,2.04772187919388,1631
2015-11-13 13:16:30,2.04772187919388,1632
2015-11-13 13:16:31,2.04772187919388,1633
2015-11-13 13:16:32,2.04772187919388,1634
2015-11-13 13:16:33,2.04772187919388,1635
2015-11-13 13:16:34,2.04772187919388,1636
2015-11-13 13:16:35,2.04772187919388,1637
2015-11-13 13:16:36,2.04772187919388,1638
2015-11-13 13:16:37,2.04772187919388,1639
2015-11-13 13:16:38,2.04772187919388,1640
2015-11-13 13:16:39,2.04772187919388,1641
2015-11-13 13:16:40,2.04772187919388,1642
2015-11-13 13:16:41,2.04772187919388,1643
2015-11-13 13:16:42,2.04772187919388,1644
2015-11-13 13:16:43,2.04772187919388,1645
2015-11-13 13:16:44,2.04772187919388,1646
2015-11-13 13:16:45,2.04772187919388,1647
2015-11-13 13:16:46,2.04772187919388,1648
2015-11-13 13:16:47,2.04772187919388,1649
2015-11-13 13:16:48,2.04772187919388,1650
2015-11-13 13:16:49,2.04772187919388,1651
2015-11-13 13:16:50,2.04772187919388,1652
2015-11-13 13:16:51,2.04772187919388,1653
2015-11-13 13:16:52,2.04772187919388,1654
2015-11-13 13:16:53,2.04772187919388,1655
2015-11-13 13:16:54,2.04772187919388,1656
2015-11-13 13:16:55,2.04772187919388,1657
2015-11-13 13:16:56,2.04772187919388,1658
2015-11-13 13:16:57,2.04772187919388,1659
2015-11-13 13:16:58,2.04772187919388,1660
2015-11-13 13:16:59,2.04772187919388,1661
2015-11-13 13:17:00,2.04772187919388,1662
2015-11-13 13:17:01,2.04772187919388,1663
2015-11-13 13:17:02,2.04772187919388,1664
2015-11-13 13:17:04,2.04772187919388,1665
2015-11-13 13:17:05,2.04772187919388,1666
2015-11-13 13:17:06,2.04772187919388,1667
2015-11-13 13:17:07,2.04772187919388,1668
2015-11-13 13:17:08,2.04772187919388,1669
2015-11-13 13:17:09,2.04772187919388,1670
2015-11-13 13:17:10,2.04772187919388,1671
2015-11-13 13:17:11,2.04772187919388,1672
2015-11-13 13:17:12,2.04772187919388,1673
2015-11-13 13:17:13,2.04772187919388,1674
2015-11-13 13:17:14,2.04772187919388,1675
2015-11-13 13:17:15,2.04772187919388,1676
2015-11-13 13:17:16,2.04772187919388,1677
2015-11-13 13:17:17,2.04772187919388,1678
2015-11-13 13:17:18,2.04772187919388,1679
2015-11-13 13:17:19,2.04772187919388,1680
2015-11-13 13:17:20,2.04772187919388,1681
2015-11-13 13:17:21,2.04772187919388,1682
2015-11-13 13:17:22,2.04772187919388,1683
2015-11-13 13:17:23,2.04772187919388,1684
2015-11-13 13:17:24,2.04772187919388,1685
2015-11-13 13:17:25,2.04772187919388,1686
2015-11-13 13:17:26,2.04772187919388,1687
2015-11-13 13:17:27,2.04772187919388,1688
2015-11-13 13:17:28,2.04772187919388,1689
2015-11-13 13:17:29,2.04772187919388,1690
2015-11-13 13:17:30,2.04772187919388,1691
2015-11-13 13:17:31,2.04772187919388,1692
2015-11-13 13:17:32,2.04772187919388,1693
2015-11-13 13:17:33,2.04772187919388,1694
2015-11-13 13:17:34,2.04772187919388,1695
2015-11-13 13:17:35,2.04772187919388,1696
2015-11-13 13:17:36,2.04772187919388,1697
2015-11-13 13:17:37,2.04772187919388,1698
2015-11-13 13:17:38,2.04772187919388,1699
2015-11-13 13:17:39,2.04772187919388,1700
2015-11-13 13:17:40,2.04772187919388,1701
2015-11-13 13:17:41,2.04772187919388,1702
2015-11-13 13:17:42,2.04772187919388,1703
2015-11-13 13:17:43,2.04772187919388,1704
2015-11-13 13:17:44,2.04772187919388,1705
2015-11-13 13:17:45,2.04772187919388,1706
2015-11-13 13:17:46,2.04772187919388,1707
2015-11-13 13:17:47,2.04772187919388,1708
2015-11-13 13:17:48,2.04772187919388,1709
2015-11-13 13:17:49,2.04772187919388,1710
2015-11-13 13:17:50,2.04772187919388,1711
2015-11-13 13:17:51,2.04772187919388,1712
2015-11-13 13:17:52,2.04772187919388,1713
2015-11-13 13:17:53,2.04772187919388,1714
2015-11-13 13:17:54,2.04772187919388,1715
2015-11-13 13:17:55,2.04772187919388,1716
2015-11-13 13:17:56,2.04772187919388,1717
2015-11-13 13:17:57,2.04772187919388,1718
2015-11-13 13:17:58,2.04772187919388,1719
2015-11-13 13:17:59,2.04772187919388,1720
2015-11-13 13:18:00,2.04772187919388,1721
2015-11-13 13:18:01,2.04772187919388,1722
2015-11-13 13:18:02,2.04772187919388,1723
2015-11-13 13:18:03,2.04772187919388,1724
2015-11-13 13:18:04,2.04772187919388,1725
2015-11-13 13:18:05,2.04772187919388,1726
2015-11-13 13:18:06,2.04772187919388,1727
2015-11-13 13:18:07,2.04772187919388,1728
2015-11-13 13:18:08,2.04772187919388,1729
2015-11-13 13:18:09,2.04772187919388,1730
2015-11-13 13:18:10,2.04772187919388,1731
2015-11-13 13:18:11,2.04772187919388,1732
2015-11-13 13:18:12,2.04772187919388,1733
2015-11-13 13:18:13,2.04772187919388,1734
2015-11-13 13:18:14,2.04772187919388,1735
2015-11-13 13:18:15,2.04772187919388,1736
2015-11-13 13:18:16,2.04772187919388,1737
2015-11-13 13:18:17,2.04772187919388,1738
2015-11-13 13:18:18,2.04772187919388,1739
2015-11-13 13:18:19,2.04772187919388,1740
2015-11-13 13:18:20,2.04772187919388,1741
2015-11-13 13:18:21,2.04772187919388,1742
2015-11-13 13:18:22,2.04772187919388,1743
2015-11-13 13:18:23,2.04772187919388,1744
2015-11-13 13:18:24,2.04772187919388,1745
2015-11-13 13:18:25,2.04772187919388,1746
2015-11-13 13:18:26,2.04772187919388,1747
2015-11-13 13:18:27,2.04772187919388,1748
2015-11-13 13:18:28,2.04772187919388,1749
2015-11-13 13:18:29,2.04772187919388,1750
2015-11-13 13:18:30,2.04772187919388,1751
2015-11-13 13:18:31,2.04772187919388,1752
2015-11-13 13:18:33,2.04772187919388,1753
2015-11-13 13:18:34,2.04772187919388,1754
2015-11-13 13:18:35,2.04772187919388,1755
2015-11-13 13:18:36,2.04772187919388,1756
2015-11-13 13:18:37,2.04772187919388,1757
2015-11-13 13:18:38,2.04772187919388,1758
2015-11-13 13:18:39,2.04772187919388,1759
2015-11-13 13:18:40,2.04772187919388,1760
2015-11-13 13:18:41,2.04772187919388,1761
2015-11-13 13:18:42,2.04772187919388,1762
2015-11-13 13:18:43,2.04772187919388,1763
2015-11-13 13:18:44,2.04772187919388,1764
2015-11-13 13:18:45,2.04772187919388,1765
2015-11-13 13:18:46,2.04772187919388,1766
2015-11-13 13:18:47,2.04772187919388,1767
2015-11-13 13:18:48,2.04772187919388,1768
2015-11-13 13:18:49,2.04772187919388,1769
2015-11-13 13:18:50,2.04772187919388,1770
2015-11-13 13:18:51,2.04772187919388,1771
2015-11-13 13:18:52,2.04772187919388,1772
2015-11-13 13:18:53,2.04772187919388,1773
2015-11-13 13:18:54,2.04772187919388,1774
2015-11-13 13:18:55,2.04772187919388,1775
2015-11-13 13:18:56,2.04772187919388,1776
2015-11-13 13:18:57,2.04772187919388,1777
2015-11-13 13:18:58,2.04772187919388,1778
2015-11-13 13:18:59,2.04772187919388,1779
2015-11-13 13:19:00,2.04772187919388,1780
2015-11-13 13:19:01,2.04772187919388,1781
2015-11-13 13:19:02,2.04772187919388,1782
2015-11-13 13:19:03,2.04772187919388,1783
2015-11-13 13:19:04,2.04772187919388,1784
2015-11-13 13:19:05,2.04772187919388,1785
2015-11-13 13:19:06,2.04772187919388,1786
2015-11-13 13:19:07,2.04772187919388,1787
2015-11-13 13:19:08,2.04772187919388,1788
2015-11-13 13:19:09,2.04772187919388,1789
2015-11-13 13:19:10,2.04772187919388,1790
2015-11-13 13:19:11,2.04772187919388,1791
2015-11-13 13:19:12,2.04772187919388,1792
2015-11-13 13:19:13,2.04772187919388,1793
2015-11-13 13:19:14,2.04772187919388,1794
2015-11-13 13:19:15,2.04772187919388,1795
2015-11-13 13:19:16,2.04772187919388,1796
2015-11-13 13:19:17,2.04772187919388,1797
2015-11-13 13:19:18,2.04772187919388,1798
2015-11-13 13:19:19,2.04772187919388,1799
2015-11-13 13:19:20,2.04772187919388,1800
2015-11-13 13:19:21,2.04772187919388,1801
2015-11-13 13:19:22,2.04772187919388,1802
2015-11-13 13:19:23,2.04772187919388,1803
2015-11-13 13:19:24,2.04772187919388,1804
2015-11-13 13:19:25,2.04772187919388,1805
2015-11-13 13:19:26,2.04772187919388,1806
2015-11-13 13:19:27,2.04772187919388,1807
2015-11-13 13:19:28,2.04772187919388,1808
2015-11-13 13:19:29,2.04772187919388,1809
2015-11-13 13:19:30,2.04772187919388,1810
2015-11-13 13:19:31,2.04772187919388,1811
2015-11-13 13:19:32,2.04772187919388,1812
2015-11-13 13:19:33,2.04772187919388,1813
2015-11-13 13:19:34,2.04772187919388,1814
2015-11-13 13:19:35,2.04772187919388,1815
2015-11-13 13:19:36,2.04772187919388,1816
2015-11-13 13:19:37,2.04772187919388,1817
2015-11-13 13:19:38,2.04772187919388,1818
2015-11-13 13:19:39,2.04772187919388,1819
2015-11-13 13:19:40,2.04772187919388,1820
2015-11-13 13:19:41,2.04772187919388,1821
2015-11-13 13:19:42,2.04772187919388,1822
2015-11-13 13:19:43,2.04772187919388,1823
2015-11-13 13:19:44,2.04772187919388,1824
2015-11-13 13:19:45,2.04772187919388,1825
2015-11-13 13:19:46,2.04772187919388,1826
2015-11-13 13:19:47,2.04772187919388,1827
2015-11-13 13:19:48,2.04772187919388,1828
2015-11-13 13:19:49,2.04772187919388,1829
2015-11-13 13:19:50,2.04773649867603,1830
2015-11-13 13:19:51,2.04779906050853,1831
2015-11-13 13:19:52,2.04786161919109,1832
2015-11-13 13:19:53,2.04792416712447,1833
2015-11-13 13:19:54,2.04798574834214,1834
2015-11-13 13:19:55,2.04804926448602,1835
2015-11-13 13:19:56,2.04811180299076,1836
2015-11-13 13:19:57,2.04817340520518,1837
2015-11-13 13:19:58,2.04823497609493,1838
2015-11-13 13:19:59,2.04829755097427,1839
2015-11-13 13:20:00,2.04836008372599,1840
2015-11-13 13:20:01,2.04842263883067,1841
2015-11-13 13:20:02,2.0484842339944,1842
2015-11-13 13:20:03,2.04854678729572,1843
2015-11-13 13:20:04,2.04860837845973,1844
2015-11-13 13:20:05,2.04864494144917,1845
2015-11-13 13:20:06,2.04864494144917,1846
2015-11-13 13:20:07,2.04864494144917,1847
2015-11-13 13:20:08,2.04864494144917,1848
2015-11-13 13:20:09,2.04864494144917,1849
2015-11-13 13:20:10,2.04864494144917,1850
2015-11-13 13:20:11,2.04864494144917,1851
2015-11-13 13:20:12,2.04864494144917,1852
2015-11-13 13:20:14,2.04864494144917,1853
2015-11-13 13:20:15,2.04864494144917,1854
2015-11-13 13:20:16,2.04864494144917,1855
2015-11-13 13:20:17,2.04864494144917,1856
2015-11-13 13:20:18,2.04864494144917,1857
2015-11-13 13:20:19,2.04864494144917,1858
2015-11-13 13:20:20,2.04864494144917,1859
2015-11-13 13:20:21,2.04864494144917,1860
2015-11-13 13:20:22,2.04864494144917,1861
2015-11-13 13:20:23,2.04864494144917,1862
2015-11-13 13:20:24,2.04864494144917,1863
2015-11-13 13:20:25,2.04864494144917,1864
2015-11-13 13:20:26,2.04864494144917,1865
2015-11-13 13:20:27,2.04864494144917,1866
2015-11-13 13:20:28,2.04864494144917,1867
2015-11-13 13:20:29,2.04864494144917,1868
2015-11-13 13:20:30,2.04864494144917,1869
2015-11-13 13:20:31,2.04864494144917,1870
2015-11-13 13:20:32,2.04864494144917,1871
2015-11-13 13:20:33,2.04864494144917,1872
2015-11-13 13:20:34,2.04864494144917,1873
2015-11-13 13:20:35,2.04864494144917,1874
2015-11-13 13:20:36,2.04864494144917,1875
2015-11-13 13:20:37,2.04864494144917,1876
2015-11-13 13:20:38,2.04864494144917,1877
2015-11-13 13:20:39,2.04864494144917,1878
2015-11-13 13:20:40,2.04864494144917,1879
2015-11-13 13:20:41,2.04864494144917,1880
2015-11-13 13:20:42,2.04864494144917,1881
2015-11-13 13:20:43,2.04864494144917,1882
2015-11-13 13:20:44,2.04864494144917,1883
2015-11-13 13:20:45,2.04864494144917,1884
2015-11-13 13:20:46,2.04864494144917,1885
2015-11-13 13:20:47,2.04864494144917,1886
2015-11-13 13:20:48,2.04864494144917,1887
2015-11-13 13:20:49,2.04864494144917,1888
2015-11-13 13:20:50,2.04864494144917,1889
2015-11-13 13:20:51,2.04873950016553,1890
2015-11-13 13:20:52,2.04884924076901,1891
2015-11-13 13:20:53,2.04895900158261,1892
2015-11-13 13:20:54,2.04906877081556,1893
2015-11-13 13:20:55,2.04917852030957,1894
2015-11-13 13:20:56,2.04928828589636,1895
2015-11-13 13:20:57,2.04939635894052,1896
2015-11-13 13:20:58,2.04950613105365,1897
2015-11-13 13:20:59,2.04961420046897,1898
2015-11-13 13:21:00,2.04972301001932,1899
2015-11-13 13:21:01,2.04972301001932,1900
2015-11-13 13:21:02,2.04972301001932,1901
